fetched_at,SETTLEMENTDATE,REGIONID,PRICE,PRICE_STATUS,APCFLAG,MARKETSUSPENDEDFLAG,TOTALDEMAND,SCHEDULEDGENERATION,SEMISCHEDULEDGENERATION,NETINTERCHANGE
2026-08-20T14:33:27.373Z,2026-08-21T00:35:00,NSW1,66.90002,,,,7731.63,5885.77756,762.78244,-1062.35
2026-08-20T14:33:27.373Z,2026-08-21T00:35:00,QLD1,60.38131,,,,5898.06,5061.58225,1466.31775,645.44
2026-08-20T14:33:27.373Z,2026-08-21T00:35:00,SA1,69.09144,,,,1598.9,375.0005,589.5995,-616.51
2026-08-20T14:33:27.373Z,2026-08-21T00:35:00,TAS1,56.26623,,,,1034.33,1235.47047,128.21953,329.36
2026-08-20T14:33:27.373Z,2026-08-21T00:35:00,VIC1,61.32249,,,,5683.13,4132.0017,2309.3083,806.8
2026-08-21T02:30:18.885Z,2026-08-21T12:30:00,NSW1,73.15,,,,7312.9,4178.80551,2475.11449,-594.41
2026-08-21T02:30:18.885Z,2026-08-21T12:30:00,QLD1,-6,,,,5029.52,3200.37333,2816.05667,1066.28
2026-08-21T02:30:18.885Z,2026-08-21T12:30:00,SA1,54.43,,,,1154.34,326.53338,515.44662,-305.53
2026-08-21T02:30:18.885Z,2026-08-21T12:30:00,TAS1,41.73895,,,,968.82,501.90495,291.52505,-175.4
2026-08-21T02:30:18.885Z,2026-08-21T12:30:00,VIC1,41.22,,,,6637.98,4593.99598,2203.81402,166.39
2026-08-21T02:34:14.783Z,2026-08-21T12:35:00,NSW1,73.15,,,,7264.87,4222.06295,2534.51705,-443.38
2026-08-21T02:34:14.783Z,2026-08-21T12:35:00,QLD1,-6.14,,,,4861.45,3199.56126,2630.95874,1046.49
2026-08-21T02:34:14.783Z,2026-08-21T12:35:00,SA1,101,,,,1180.95,338.80923,539.47077,-295.95
2026-08-21T02:34:14.783Z,2026-08-21T12:35:00,TAS1,33.40794,,,,960.72,576.90111,314.91889,-68.9
2026-08-21T02:34:14.783Z,2026-08-21T12:35:00,VIC1,35.94014,,,,6730.07,4458.62618,2182.24382,-79.85
2026-08-21T02:39:17.420Z,2026-08-21T12:40:00,NSW1,66.53,,,,7376.05,4188.57301,2661.02699,-465.78
2026-08-21T02:39:17.420Z,2026-08-21T12:40:00,QLD1,-6,,,,4909.21,3201.44123,2641.33877,1006.92
2026-08-21T02:39:17.420Z,2026-08-21T12:40:00,SA1,87.65,,,,1194.46,376.5058,508.2142,-303.4
2026-08-21T02:39:17.420Z,2026-08-21T12:40:00,TAS1,30.14154,,,,945.85,580.29949,295.15051,-70.4
2026-08-21T02:39:17.420Z,2026-08-21T12:40:00,VIC1,35.45,,,,6725.66,4399.99704,2298.69296,-19.76
2026-08-21T02:44:14.664Z,2026-08-21T12:45:00,NSW1,73.15,,,,7269.21,4241.51716,2663.06284,-306.62
2026-08-21T02:44:14.664Z,2026-08-21T12:45:00,QLD1,-6,,,,4853.98,3201.48463,2542.78537,958.21
2026-08-21T02:44:14.664Z,2026-08-21T12:45:00,SA1,25.97397,,,,1114.29,310.56896,533.68104,-263.81
2026-08-21T02:44:14.664Z,2026-08-21T12:45:00,TAS1,25.28737,,,,945.07,559.01378,305.83622,-80.23
2026-08-21T02:44:14.664Z,2026-08-21T12:45:00,VIC1,25.42,,,,6805.59,4372.99509,2257.19491,-165.63
2026-08-21T02:49:18.549Z,2026-08-21T12:50:00,NSW1,66.53,,,,7464.2,4185.54847,2712.98153,-509.02
2026-08-21T02:49:18.549Z,2026-08-21T12:50:00,QLD1,-6.4,,,,4873.63,3200.21926,2575.26074,971.44
2026-08-21T02:49:18.549Z,2026-08-21T12:50:00,SA1,60.01,,,,1107.63,254.59114,525.45886,-320.83
2026-08-21T02:49:18.549Z,2026-08-21T12:50:00,TAS1,16.06,,,,941.66,543.83437,316.25563,-81.57
2026-08-21T02:49:18.549Z,2026-08-21T12:50:00,VIC1,41.22,,,,6567.13,4458.0039,2182.0961,78.72
2026-08-21T02:54:14.197Z,2026-08-21T12:55:00,NSW1,99.01,,,,7353.57,4259.85578,2731.99422,-300.55
2026-08-21T02:54:14.197Z,2026-08-21T12:55:00,QLD1,-6.4,,,,4881.29,3199.86178,2594.83822,984.13
2026-08-21T02:54:14.197Z,2026-08-21T12:55:00,SA1,67.44,,,,1072.72,251.30404,497.33596,-317.33
2026-08-21T02:54:14.197Z,2026-08-21T12:55:00,TAS1,16.06,,,,947.27,542.80926,326.70074,-77.76
2026-08-21T02:54:14.197Z,2026-08-21T12:55:00,VIC1,35.94014,,,,6832.88,4402.78833,2280.24167,-137.89
2026-08-21T02:59:14.241Z,2026-08-21T13:00:00,NSW1,69.9902,,,,7471.34,4198.21991,2678.65009,-535.38
2026-08-21T02:59:14.241Z,2026-08-21T13:00:00,QLD1,-7.01,,,,4973.41,3201.03002,2709.32998,1009.94
2026-08-21T02:59:14.241Z,2026-08-21T13:00:00,SA1,88.06,,,,1104.9,310.82845,462.35155,-325.47
2026-08-21T02:59:14.241Z,2026-08-21T13:00:00,TAS1,17.70509,,,,940.03,555.24472,329.01528,-55.77
2026-08-21T02:59:14.241Z,2026-08-21T13:00:00,VIC1,35.94014,,,,6652.78,4384.80829,2312.97171,50.04
2026-08-21T03:04:14.243Z,2026-08-21T13:05:00,NSW1,68.02,,,,7443.35,4217.22148,2724.77852,-435.64
2026-08-21T03:04:14.243Z,2026-08-21T13:05:00,QLD1,-6,,,,4786.53,3201.43595,2573.62405,1067.88
2026-08-21T03:04:14.243Z,2026-08-21T13:05:00,SA1,53,,,,1038.38,249.89257,445.33743,-337.43
2026-08-21T03:04:14.243Z,2026-08-21T13:05:00,TAS1,33.53019,,,,937.7,558.75933,344.73067,-34.21
2026-08-21T03:04:14.243Z,2026-08-21T13:05:00,VIC1,34,,,,6740.03,4327.93774,2302.27226,-102.27
2026-08-21T03:09:14.237Z,2026-08-21T13:10:00,NSW1,68.02,,,,7502.41,4144.97483,2811.29517,-483.05
2026-08-21T03:09:14.237Z,2026-08-21T13:10:00,QLD1,-6,,,,4750.61,3201.8364,2520.7836,1049.52
2026-08-21T03:09:14.237Z,2026-08-21T13:10:00,SA1,53,,,,1075.77,245.99924,491.39076,-332.53
2026-08-21T03:09:14.237Z,2026-08-21T13:10:00,TAS1,40.41209,,,,926.95,569.42749,342.61251,-14.91
2026-08-21T03:09:14.237Z,2026-08-21T13:10:00,VIC1,41.22,,,,6687.91,4414.50493,2200.82507,-66.58
2026-08-21T03:14:14.229Z,2026-08-21T13:15:00,NSW1,66.53,,,,7559.14,4126.31029,2797.20971,-567.72
2026-08-21T03:14:14.229Z,2026-08-21T13:15:00,QLD1,-4.84,,,,4824.43,3200.58005,2650.54995,1110.53
2026-08-21T03:14:14.229Z,2026-08-21T13:15:00,SA1,53,,,,1071.8,246.00368,483.52632,-335.95
2026-08-21T03:14:14.229Z,2026-08-21T13:15:00,TAS1,35.43666,,,,932.04,561.93817,333.24183,-36.87
2026-08-21T03:14:14.229Z,2026-08-21T13:15:00,VIC1,35.94013,,,,6615.03,4446.3547,2156.7453,-6.07
2026-08-21T03:19:14.623Z,2026-08-21T13:20:00,NSW1,66.53,,,,7578.6,4123.83346,2643.68654,-744.26
2026-08-21T03:19:14.623Z,2026-08-21T13:20:00,QLD1,-5,,,,4857.39,3201.88308,2683.28692,1111.66
2026-08-21T03:19:14.623Z,2026-08-21T13:20:00,SA1,48.51695,,,,1063.21,245.99791,485.12209,-326.91
2026-08-21T03:19:14.623Z,2026-08-21T13:20:00,TAS1,45.13456,,,,932.89,582.66404,328.45596,-21.77
2026-08-21T03:19:14.623Z,2026-08-21T13:20:00,VIC1,45.91,,,,6514.87,4504.28506,2147.73494,140.15
2026-08-21T03:24:14.519Z,2026-08-21T13:25:00,NSW1,69.9902,,,,7520.76,4130.8138,2564.1562,-760.07
2026-08-21T03:24:14.519Z,2026-08-21T13:25:00,QLD1,-6.01,,,,4654.19,3199.85552,2469.44448,1097.7
2026-08-21T03:24:14.519Z,2026-08-21T13:25:00,SA1,52,,,,1057.47,246.00172,492.08828,-314.92
2026-08-21T03:24:14.519Z,2026-08-21T13:25:00,TAS1,48.00365,,,,943.5,582.18835,340.06165,-21.26
2026-08-21T03:24:14.519Z,2026-08-21T13:25:00,VIC1,48.8332,,,,6537.19,4553.77697,2134.72303,153.44
2026-08-21T03:29:14.837Z,2026-08-21T13:30:00,NSW1,66.53,,,,7475.4,4135.44915,2584.18085,-688.07
2026-08-21T03:29:14.837Z,2026-08-21T13:30:00,QLD1,-6,,,,4706.55,3199.65674,2543.54326,1121.57
2026-08-21T03:29:14.837Z,2026-08-21T13:30:00,SA1,49.66,,,,1108.48,245.99987,554.43013,-302.24
2026-08-21T03:29:14.837Z,2026-08-21T13:30:00,TAS1,45.2667,,,,949.89,583.2773,329.9227,-36.7
2026-08-21T03:29:14.837Z,2026-08-21T13:30:00,VIC1,45.91,,,,6622.76,4563.68874,2122.93126,67.4
2026-08-21T03:34:14.273Z,2026-08-21T13:35:00,NSW1,69.95,,,,7371.27,4118.04518,2647.70482,-537.17
2026-08-21T03:34:14.273Z,2026-08-21T13:35:00,QLD1,-6,,,,4672.33,3201.81593,2501.28407,1114.84
2026-08-21T03:34:14.273Z,2026-08-21T13:35:00,SA1,34.31233,,,,1066.24,245.00405,611.32595,-203.16
2026-08-21T03:34:14.273Z,2026-08-21T13:35:00,TAS1,35.26043,,,,954.42,559.52362,319.69638,-75.19
2026-08-21T03:34:14.273Z,2026-08-21T13:35:00,VIC1,35.45,,,,6769.4,4474.49874,2154.76126,-133.88
2026-08-21T03:39:14.246Z,2026-08-21T13:40:00,NSW1,66.53,,,,7479.75,4126.44319,2710.19681,-575.78
2026-08-21T03:39:14.246Z,2026-08-21T13:40:00,QLD1,-5,,,,4766.35,3211.19734,2584.01266,1112.3
2026-08-21T03:39:14.246Z,2026-08-21T13:40:00,SA1,35.43243,,,,1043.92,244.99935,570.90065,-221.92
2026-08-21T03:39:14.246Z,2026-08-21T13:40:00,TAS1,33.34627,,,,943.51,575.00387,306.79613,-61.72
2026-08-21T03:39:14.246Z,2026-08-21T13:40:00,VIC1,35.94015,,,,6715.69,4496.19891,2123.46109,-91.19
2026-08-21T03:44:14.289Z,2026-08-21T13:45:00,NSW1,66.53,,,,7540.59,4126.44929,2769.59071,-576.53
2026-08-21T03:44:14.289Z,2026-08-21T13:45:00,QLD1,-6,,,,4711.03,3211.98762,2533.61238,1118.94
2026-08-21T03:44:14.289Z,2026-08-21T13:45:00,SA1,35.13614,,,,1025.51,244.99866,573.37134,-200.85
2026-08-21T03:44:14.289Z,2026-08-21T13:45:00,TAS1,30.1,,,,949.65,547.09782,315.55218,-87
2026-08-21T03:44:14.289Z,2026-08-21T13:45:00,VIC1,35.94015,,,,6664.65,4534.90803,2033.86197,-91.12
2026-08-21T03:49:14.254Z,2026-08-21T13:50:00,NSW1,66.53,,,,7403.46,4126.99727,2856.58273,-341.2
2026-08-21T03:49:14.254Z,2026-08-21T13:50:00,QLD1,-3.51,,,,4761.78,3211.83555,2636.93445,1177.9
2026-08-21T03:49:14.254Z,2026-08-21T13:50:00,SA1,17.77878,,,,1126.18,244.99553,644.87447,-230.31
2026-08-21T03:49:14.254Z,2026-08-21T13:50:00,TAS1,16.06,,,,953.35,513.37611,343.48389,-96.49
2026-08-21T03:49:14.254Z,2026-08-21T13:50:00,VIC1,17.57197,,,,6923.97,4466.09381,2123.55619,-320.44
2026-08-21T03:54:14.289Z,2026-08-21T13:55:00,NSW1,52.3,,,,7808.62,4139.45992,2742.47008,-861.56
2026-08-21T03:54:14.289Z,2026-08-21T13:55:00,QLD1,-3.51,,,,4780.64,3210.82531,2710.06469,1224.27
2026-08-21T03:54:14.289Z,2026-08-21T13:55:00,SA1,44.97342,,,,1012.76,245.00116,626.83884,-141.4
2026-08-21T03:54:14.289Z,2026-08-21T13:55:00,TAS1,17.06,,,,949.37,532.03941,333.93059,-83.4
2026-08-21T03:54:14.289Z,2026-08-21T13:55:00,VIC1,45.91,,,,6543.34,4559.93636,1994.16364,6.75
2026-08-21T03:59:14.273Z,2026-08-21T14:00:00,NSW1,27.88,,,,7553.64,4123.59266,2679.81734,-673.04
2026-08-21T03:59:14.273Z,2026-08-21T14:00:00,QLD1,-1.92,,,,4741.05,3211.77562,2661.33438,1228.73
2026-08-21T03:59:14.273Z,2026-08-21T14:00:00,SA1,29.22608,,,,991.08,244.99822,598.79178,-149.8
2026-08-21T03:59:14.273Z,2026-08-21T14:00:00,TAS1,24.36775,,,,947.38,536.79766,321.09234,-89.49
2026-08-21T03:59:14.273Z,2026-08-21T14:00:00,VIC1,28.69605,,,,6526.7,4459.74843,1921.89157,-150.18
2026-08-21T04:04:14.320Z,2026-08-21T14:05:00,NSW1,47.76509,,,,7885.59,4181.41932,2596.17068,-1029.78
2026-08-21T04:04:14.320Z,2026-08-21T14:05:00,QLD1,-3.51,,,,4663.97,3230.429,2572.591,1236.4
2026-08-21T04:04:14.320Z,2026-08-21T14:05:00,SA1,44.99684,,,,911.17,245.00184,577.53816,-90.63
2026-08-21T04:04:14.320Z,2026-08-21T14:05:00,TAS1,29.1,,,,943.68,545.8219,343.2881,-54.57
2026-08-21T04:04:14.320Z,2026-08-21T14:05:00,VIC1,45.91,,,,6162.12,4429.5023,1844.7777,108.59
2026-08-21T04:09:14.278Z,2026-08-21T14:10:00,NSW1,52.21,,,,7784.34,4188.62219,2425.63781,-1091.06
2026-08-21T04:09:14.278Z,2026-08-21T14:10:00,QLD1,-3.51,,,,4763.06,3230.06581,2673.69419,1237.85
2026-08-21T04:09:14.278Z,2026-08-21T14:10:00,SA1,49.36145,,,,891.52,244.99851,536.79149,-111.92
2026-08-21T04:09:14.278Z,2026-08-21T14:10:00,TAS1,20.26196,,,,942.23,523.76094,338.35906,-80.11
2026-08-21T04:09:14.278Z,2026-08-21T14:10:00,VIC1,49.78268,,,,5965.58,4344.40596,1840.38404,216.91
2026-08-21T04:14:14.268Z,2026-08-21T14:15:00,NSW1,34.55094,,,,7671.82,4161.78733,2588.90267,-848.82
2026-08-21T04:14:14.268Z,2026-08-21T14:15:00,QLD1,-4.09,,,,4709.5,3230.06867,2581.74133,1193.96
2026-08-21T04:14:14.268Z,2026-08-21T14:15:00,SA1,38.30746,,,,994.82,245.00092,536.94908,-213.92
2026-08-21T04:14:14.268Z,2026-08-21T14:15:00,TAS1,16.06,,,,955.28,507.41146,347.86854,-100
2026-08-21T04:14:14.268Z,2026-08-21T14:15:00,VIC1,34,,,,6115.06,4277.75278,1968.99722,126.46
2026-08-21T04:19:14.280Z,2026-08-21T14:20:00,NSW1,35.11427,,,,7753.15,4160.20153,2528.72847,-988.53
2026-08-21T04:19:14.280Z,2026-08-21T14:20:00,QLD1,-3.51,,,,4747.42,3230.38081,2646.19919,1223.86
2026-08-21T04:19:14.280Z,2026-08-21T14:20:00,SA1,32.7483,,,,890.47,314.99594,505.24406,-71.82
2026-08-21T04:19:14.280Z,2026-08-21T14:20:00,TAS1,30.1,,,,962.34,552.09342,310.24658,-100
2026-08-21T04:19:14.280Z,2026-08-21T14:20:00,VIC1,34,,,,6117.92,4247.18376,1976.02624,101.1
2026-08-21T04:24:14.448Z,2026-08-21T14:25:00,NSW1,28.95,,,,7739.53,4132.43422,2434.36578,-1091.84
2026-08-21T04:24:14.448Z,2026-08-21T14:25:00,QLD1,-3,,,,4740.58,3230.96502,2678.30498,1268.78
2026-08-21T04:24:14.448Z,2026-08-21T14:25:00,SA1,28.07603,,,,965.05,314.99501,494.13499,-158.58
2026-08-21T04:24:14.448Z,2026-08-21T14:25:00,TAS1,27.76601,,,,967.09,526.79638,294.11362,-146.18
2026-08-21T04:24:14.448Z,2026-08-21T14:25:00,VIC1,27.57972,,,,5722.53,4163.66005,1865.00995,302.7
2026-08-21T04:29:14.725Z,2026-08-21T14:30:00,NSW1,66.53,,,,8020.41,4176.47955,2288.24045,-1464.88
2026-08-21T04:29:14.725Z,2026-08-21T14:30:00,QLD1,-2.15,,,,4784.79,3231.12371,2710.23629,1254.51
2026-08-21T04:29:14.725Z,2026-08-21T14:30:00,SA1,56.35343,,,,836.33,244.99686,600.36314,9.25
2026-08-21T04:29:14.725Z,2026-08-21T14:30:00,TAS1,47.09,,,,966.64,581.3916,285.2484,-100
2026-08-21T04:29:14.725Z,2026-08-21T14:30:00,VIC1,59.46209,,,,5685.82,4268.4384,1907.4616,509.09
2026-08-21T04:34:14.273Z,2026-08-21T14:35:00,NSW1,73.2,,,,7750.31,4220.76043,2168.66957,-1272.07
2026-08-21T04:34:14.273Z,2026-08-21T14:35:00,QLD1,0.04,,,,4843.15,3305.13455,2791.73545,1361.54
2026-08-21T04:34:14.273Z,2026-08-21T14:35:00,SA1,13.88953,,,,923.06,245.00323,661.37677,-14.11
2026-08-21T04:34:14.273Z,2026-08-21T14:35:00,TAS1,15.06,,,,977.21,527.59687,276.72313,-172.89
2026-08-21T04:34:14.273Z,2026-08-21T14:35:00,VIC1,14.86262,,,,5785.14,4138.31134,1943.55866,302.49
2026-08-21T04:39:14.325Z,2026-08-21T14:40:00,NSW1,52.29,,,,7991.48,4283.66738,2218.74262,-1411.53
2026-08-21T04:39:14.325Z,2026-08-21T14:40:00,QLD1,-3.51,,,,4783.64,3362.41802,2687.03198,1357.5
2026-08-21T04:39:14.325Z,2026-08-21T14:40:00,SA1,44.21928,,,,876.06,245.00499,567.21501,-65.24
2026-08-21T04:39:14.325Z,2026-08-21T14:40:00,TAS1,45.1816,,,,992.94,590.99655,298.41345,-103.53
2026-08-21T04:39:14.325Z,2026-08-21T14:40:00,VIC1,45.91,,,,5774.97,4222.25043,1943.35957,397.31
2026-08-21T04:44:14.331Z,2026-08-21T14:45:00,NSW1,52.21,,,,7959.62,4365.72718,2231.67282,-1278.85
2026-08-21T04:44:14.331Z,2026-08-21T14:45:00,QLD1,-3,,,,4866.61,3435.53265,2691.82735,1362.76
2026-08-21T04:44:14.331Z,2026-08-21T14:45:00,SA1,32.05552,,,,885.83,244.99756,570.83244,-67.51
2026-08-21T04:44:14.331Z,2026-08-21T14:45:00,TAS1,33.54781,,,,984.13,587.9993,295.6607,-100.47
2026-08-21T04:44:14.331Z,2026-08-21T14:45:00,VIC1,34,,,,5817.9,4184.25161,1905.59839,276.86
2026-08-21T04:49:14.797Z,2026-08-21T14:50:00,NSW1,20.95844,,,,8198.68,4398.87137,2297.21863,-1430.88
2026-08-21T04:49:14.797Z,2026-08-21T14:50:00,QLD1,6.83,,,,4999.1,3474.01778,2747.14222,1304.19
2026-08-21T04:49:14.797Z,2026-08-21T14:50:00,SA1,20.20269,,,,1041.97,245.00124,613.11876,-186.27
2026-08-21T04:49:14.797Z,2026-08-21T14:50:00,TAS1,16.06,,,,978.87,580.65892,298.21108,-100
2026-08-21T04:49:14.797Z,2026-08-21T14:50:00,VIC1,19.17996,,,,5771.32,4398.97734,1936.73266,573.14
2026-08-21T04:54:14.337Z,2026-08-21T14:55:00,NSW1,52.21,,,,7950.14,4440.09675,2098.73325,-1345.27
2026-08-21T04:54:14.337Z,2026-08-21T14:55:00,QLD1,27.88,,,,4878.62,3512.93201,2596.46799,1309.86
2026-08-21T04:54:14.337Z,2026-08-21T14:55:00,SA1,52,,,,969.05,245.005,527.905,-198.02
2026-08-21T04:54:14.337Z,2026-08-21T14:55:00,TAS1,43.4098,,,,972.87,587.99919,303.12081,-81.75
2026-08-21T04:54:14.337Z,2026-08-21T14:55:00,VIC1,48.70903,,,,5684.02,4228.59801,1913.85199,462.08
2026-08-21T04:59:14.372Z,2026-08-21T15:00:00,NSW1,53.84643,,,,7957.39,4431.99888,2024.31112,-1431.5
2026-08-21T04:59:14.372Z,2026-08-21T15:00:00,QLD1,42.9818,,,,4813.54,3573.44804,2490.03196,1330.03
2026-08-21T04:59:14.372Z,2026-08-21T15:00:00,SA1,52,,,,957.48,244.99695,518.55305,-196.07
2026-08-21T04:59:14.372Z,2026-08-21T15:00:00,TAS1,43.72648,,,,983.94,587.8988,307.3312,-88.71
2026-08-21T04:59:14.372Z,2026-08-21T15:00:00,VIC1,49.36758,,,,5671.73,4234.96377,1970.53623,540.86
2026-08-21T05:04:14.346Z,2026-08-21T15:05:00,NSW1,52.3,,,,7849.67,4508.64054,2027.17946,-1256.88
2026-08-21T05:04:14.346Z,2026-08-21T15:05:00,QLD1,42.4082,,,,5043.9,3640.11588,2562.43412,1226.38
2026-08-21T05:04:14.346Z,2026-08-21T15:05:00,SA1,53.11924,,,,974.82,245.00268,525.59732,-205.53
2026-08-21T05:04:14.346Z,2026-08-21T15:05:00,TAS1,45.09,,,,989.51,579.77715,309.73285,-100
2026-08-21T05:04:14.346Z,2026-08-21T15:05:00,VIC1,48.76122,,,,5708.36,4274.66029,1893.12971,462.57
2026-08-21T05:09:14.343Z,2026-08-21T15:10:00,NSW1,52.21,,,,8030.42,4584.36959,1908.53041,-1472.65
2026-08-21T05:09:14.343Z,2026-08-21T15:10:00,QLD1,42.31983,,,,5128.62,3693.56541,2610.35459,1244.46
2026-08-21T05:09:14.343Z,2026-08-21T15:10:00,SA1,48.00365,,,,946.3,244.99657,547.44343,-155.99
2026-08-21T05:09:14.343Z,2026-08-21T15:10:00,TAS1,45.09,,,,987.71,582.28597,305.42403,-100
2026-08-21T05:09:14.343Z,2026-08-21T15:10:00,VIC1,47.13307,,,,5572.71,4308.31686,1880.47314,629.75
2026-08-21T05:14:14.368Z,2026-08-21T15:15:00,NSW1,37.9784,,,,8211.12,4640.98142,1861.88858,-1628.6
2026-08-21T05:14:14.368Z,2026-08-21T15:15:00,QLD1,24.99,,,,5050.72,3668.83402,2701.55598,1406.55
2026-08-21T05:14:14.368Z,2026-08-21T15:15:00,SA1,32.9227,,,,898.49,244.99977,611.27023,-43.06
2026-08-21T05:14:14.368Z,2026-08-21T15:15:00,TAS1,25.25837,,,,993.19,607.00312,316.92688,-69.26
2026-08-21T05:14:14.368Z,2026-08-21T15:15:00,VIC1,34,,,,5598.18,4237.81544,1860.42456,517.01
2026-08-21T05:19:14.386Z,2026-08-21T15:20:00,NSW1,36.70568,,,,8102.04,4716.72844,1827.68156,-1480.12
2026-08-21T05:19:14.386Z,2026-08-21T15:20:00,QLD1,-1.92,,,,5037.85,3640.68122,2728.98878,1424.08
2026-08-21T05:19:14.386Z,2026-08-21T15:20:00,SA1,36.42063,,,,987.83,245.00368,549.30632,-194.79
2026-08-21T05:19:14.386Z,2026-08-21T15:20:00,TAS1,24.77193,,,,987.52,606.99641,329.16359,-51.35
2026-08-21T05:19:14.386Z,2026-08-21T15:20:00,VIC1,34,,,,5546.18,4235.27826,1781.57174,477.24
2026-08-21T05:24:14.394Z,2026-08-21T15:25:00,NSW1,37.0601,,,,8170.34,4782.39335,1847.27665,-1463.32
2026-08-21T05:24:14.394Z,2026-08-21T15:25:00,QLD1,0.00003,,,,5042.24,3616.54146,2792.35854,1459.78
2026-08-21T05:24:14.394Z,2026-08-21T15:25:00,SA1,41.07148,,,,1009.22,245.00463,504.19537,-258.4
2026-08-21T05:24:14.394Z,2026-08-21T15:25:00,TAS1,15.5658,,,,997.42,601.19979,323.69021,-72.53
2026-08-21T05:24:14.394Z,2026-08-21T15:25:00,VIC1,34.65421,,,,5489.02,4229.65583,1765.92417,513.35
2026-08-21T05:29:14.457Z,2026-08-21T15:30:00,NSW1,36.35248,,,,8074.9,4813.26592,1752.02408,-1433.35
2026-08-21T05:29:14.457Z,2026-08-21T15:30:00,QLD1,28.57168,,,,5013.68,3670.81356,2706.80644,1456.66
2026-08-21T05:29:14.457Z,2026-08-21T15:30:00,SA1,37.03874,,,,987.97,245.00019,533.07981,-210.95
2026-08-21T05:29:14.457Z,2026-08-21T15:30:00,TAS1,25.90169,,,,999.64,607.0034,324.6566,-67.99
2026-08-21T05:29:14.457Z,2026-08-21T15:30:00,VIC1,34,,,,5636.84,4232.19212,1828.19788,426.34
2026-08-21T05:34:14.689Z,2026-08-21T15:35:00,NSW1,50.48487,,,,8146.85,4977.15339,1637.65661,-1458.26
2026-08-21T05:34:14.689Z,2026-08-21T15:35:00,QLD1,39.75,,,,5173.43,3738.55595,2775.92405,1429.18
2026-08-21T05:34:14.689Z,2026-08-21T15:35:00,SA1,52.25367,,,,980.97,244.99973,527.29027,-209.37
2026-08-21T05:34:14.689Z,2026-08-21T15:35:00,TAS1,46.26286,,,,1006.23,678.51377,325.21623,-2.5
2026-08-21T05:34:14.689Z,2026-08-21T15:35:00,VIC1,47.16587,,,,5699.99,4295.8745,1806.2955,408.16
2026-08-21T05:39:14.404Z,2026-08-21T15:40:00,NSW1,66.53,,,,8102.86,5127.79793,1599.14207,-1322.18
2026-08-21T05:39:14.404Z,2026-08-21T15:40:00,QLD1,54.73004,,,,5269.45,3906.14015,2483.30985,1180.46
2026-08-21T05:39:14.404Z,2026-08-21T15:40:00,SA1,67.44,,,,941.3,247.09577,474.99423,-220.19
2026-08-21T05:39:14.404Z,2026-08-21T15:40:00,TAS1,59.72294,,,,1012.84,704.07215,324.14785,15.38
2026-08-21T05:39:14.404Z,2026-08-21T15:40:00,VIC1,61.24991,,,,5578.19,4352.37941,1685.55059,468.99
2026-08-21T05:44:14.453Z,2026-08-21T15:45:00,NSW1,53.37854,,,,7892.12,5218.63056,1582.09944,-1056.42
2026-08-21T05:44:14.453Z,2026-08-21T15:45:00,QLD1,45.46392,,,,5360.44,3887.23851,2395.42149,962.2
2026-08-21T05:44:14.453Z,2026-08-21T15:45:00,SA1,58.27844,,,,991.86,244.9998,483.8802,-261.9
2026-08-21T05:44:14.453Z,2026-08-21T15:45:00,TAS1,48.90442,,,,1025.21,703.98248,325.31752,4.09
2026-08-21T05:44:14.453Z,2026-08-21T15:45:00,VIC1,50.01,,,,5664.78,4375.09832,1717.74168,434.93
2026-08-21T05:49:14.472Z,2026-08-21T15:50:00,NSW1,61.39055,,,,7974.1,5350.39119,1623.28881,-971.5
2026-08-21T05:49:14.472Z,2026-08-21T15:50:00,QLD1,53.00141,,,,5452.62,3975.70109,2318.67891,874.41
2026-08-21T05:49:14.472Z,2026-08-21T15:50:00,SA1,63.76233,,,,1008.37,245.0037,532.2763,-231.83
2026-08-21T05:49:14.472Z,2026-08-21T15:50:00,TAS1,56.44194,,,,1023.89,697.56461,323.80539,-2.52
2026-08-21T05:49:14.472Z,2026-08-21T15:50:00,VIC1,57.55396,,,,5662.77,4417.40755,1637.64245,396.62
2026-08-21T05:54:14.468Z,2026-08-21T15:55:00,NSW1,47.6597,,,,7994.95,5399.78487,1700.04513,-873.62
2026-08-21T05:54:14.468Z,2026-08-21T15:55:00,QLD1,42.26874,,,,5574.09,4043.64581,2249.62419,742.07
2026-08-21T05:54:14.468Z,2026-08-21T15:55:00,SA1,53,,,,1032.44,261.00158,516.85842,-252.62
2026-08-21T05:54:14.468Z,2026-08-21T15:55:00,TAS1,42.828,,,,1037.31,817.14879,330.77121,110.62
2026-08-21T05:54:14.468Z,2026-08-21T15:55:00,VIC1,44.71894,,,,5758,4454.7214,1623.1786,331.15
2026-08-21T05:59:14.454Z,2026-08-21T16:00:00,NSW1,42.79981,,,,7929.28,5383.26763,1679.29237,-849.73
2026-08-21T05:59:14.454Z,2026-08-21T16:00:00,QLD1,38.99273,,,,5674.51,4135.11635,2106.51365,580.4
2026-08-21T05:59:14.454Z,2026-08-21T16:00:00,SA1,101,,,,1150.47,321.47873,547.32127,-274.1
2026-08-21T05:59:14.454Z,2026-08-21T16:00:00,TAS1,30.22,,,,1055.06,1011.63046,337.42954,294
2026-08-21T05:59:14.454Z,2026-08-21T16:00:00,VIC1,39.33701,,,,5876.68,4485.59151,1678.34849,320.63
2026-08-21T06:04:14.478Z,2026-08-21T16:05:00,NSW1,42.49141,,,,7930.6,5506.47588,1682.50412,-729.47
2026-08-21T06:04:14.478Z,2026-08-21T16:05:00,QLD1,39.74994,,,,5754.02,4212.88339,1974.77661,440.67
2026-08-21T06:04:14.478Z,2026-08-21T16:05:00,SA1,87.44,,,,1140.26,346.73537,521.22463,-264.92
2026-08-21T06:04:14.478Z,2026-08-21T16:05:00,TAS1,36.18943,,,,1093.88,1037.86237,337.53763,281.52
2026-08-21T06:04:14.478Z,2026-08-21T16:05:00,VIC1,39.09059,,,,5948.46,4611.75311,1635.46689,331.28
2026-08-21T06:09:14.583Z,2026-08-21T16:10:00,NSW1,60.30517,,,,7982.17,5554.52938,1412.25062,-993.93
2026-08-21T06:09:14.583Z,2026-08-21T16:10:00,QLD1,54.73004,,,,5849.72,4409.3769,2031.3431,604.74
2026-08-21T06:09:14.583Z,2026-08-21T16:10:00,SA1,67.44,,,,1091.21,319.95319,529.66681,-237.31
2026-08-21T06:09:14.583Z,2026-08-21T16:10:00,TAS1,50.41739,,,,1085.04,1055.14504,325.15496,295.26
2026-08-21T06:09:14.583Z,2026-08-21T16:10:00,VIC1,54.63353,,,,5923.46,4612.25109,1681.93891,407.85
2026-08-21T06:14:14.460Z,2026-08-21T16:15:00,NSW1,66.72594,,,,8021.68,5644.30761,1356.59239,-998.12
2026-08-21T06:14:14.460Z,2026-08-21T16:15:00,QLD1,59.45304,,,,5889.51,4648.24578,1947.12422,726.09
2026-08-21T06:14:14.460Z,2026-08-21T16:15:00,SA1,87.44,,,,1135.73,359.66079,491.81921,-276.85
2026-08-21T06:14:14.460Z,2026-08-21T16:15:00,TAS1,56.93795,,,,1109.26,1062.86445,319.58555,273.18
2026-08-21T06:14:14.460Z,2026-08-21T16:15:00,VIC1,61.51,,,,5971.81,4628.03781,1669.75219,357.88
2026-08-21T06:19:14.507Z,2026-08-21T16:20:00,NSW1,70.94035,,,,8106.79,5707.92762,1332.02238,-1043.87
2026-08-21T06:19:14.507Z,2026-08-21T16:20:00,QLD1,63.55839,,,,6062.86,4874.15772,1882.10228,711.97
2026-08-21T06:19:14.507Z,2026-08-21T16:20:00,SA1,100.67,,,,1156.52,388.31213,468.37787,-292.3
2026-08-21T06:19:14.507Z,2026-08-21T16:20:00,TAS1,60.159,,,,1109.87,1068.89561,318.54439,277.57
2026-08-21T06:19:14.507Z,2026-08-21T16:20:00,VIC1,65,,,,6061.36,4834.67603,1622.40397,430.93
2026-08-21T06:24:14.487Z,2026-08-21T16:25:00,NSW1,69.29499,,,,8205.06,5776.61235,1257.63765,-1144.75
2026-08-21T06:24:14.487Z,2026-08-21T16:25:00,QLD1,62.7301,,,,6133.45,5018.18269,1740.64731,639.72
2026-08-21T06:24:14.487Z,2026-08-21T16:25:00,SA1,107,,,,1192.67,419.0523,503.5577,-262.4
2026-08-21T06:24:14.487Z,2026-08-21T16:25:00,TAS1,56.84094,,,,1118.09,1068.80141,334.73859,285.44
2026-08-21T06:24:14.487Z,2026-08-21T16:25:00,VIC1,61.61008,,,,6102.96,5018.5328,1614.4672,576.98
2026-08-21T06:29:14.502Z,2026-08-21T16:30:00,NSW1,72.34181,,,,8270.78,5839.32557,1210.71443,-1192.95
2026-08-21T06:29:14.502Z,2026-08-21T16:30:00,QLD1,64.74138,,,,6258.6,5260.29889,1724.98111,746.53
2026-08-21T06:29:14.502Z,2026-08-21T16:30:00,SA1,130.44,,,,1228.04,473.22729,493.87271,-253.13
2026-08-21T06:29:14.502Z,2026-08-21T16:30:00,TAS1,60.14764,,,,1119.42,1068.89889,329.67111,279.15
2026-08-21T06:29:14.502Z,2026-08-21T16:30:00,VIC1,65,,,,6189.31,5032.49358,1632.66642,517.92
2026-08-21T06:34:14.493Z,2026-08-21T16:35:00,NSW1,73.43905,,,,8375.84,5912.67993,1204.57007,-1230.42
2026-08-21T06:34:14.493Z,2026-08-21T16:35:00,QLD1,66.31309,,,,6456.2,5601.31432,1542.80568,704.45
2026-08-21T06:34:14.493Z,2026-08-21T16:35:00,SA1,101.02,,,,1247.14,508.21411,470.02589,-261.26
2026-08-21T06:34:14.493Z,2026-08-21T16:35:00,TAS1,59.95613,,,,1129.23,1100.00146,320.20854,290.98
2026-08-21T06:34:14.493Z,2026-08-21T16:35:00,VIC1,65,,,,6258.69,5222.23196,1585.04804,596.66
2026-08-21T06:39:14.500Z,2026-08-21T16:40:00,NSW1,75.66416,,,,8530.01,5930.32258,1242.43742,-1323.75
2026-08-21T06:39:14.500Z,2026-08-21T16:40:00,QLD1,69.21683,,,,6489.26,5764.97071,1314.71929,601.61
2026-08-21T06:39:14.500Z,2026-08-21T16:40:00,SA1,101.04,,,,1299.13,580.39713,441.88287,-268.98
2026-08-21T06:39:14.500Z,2026-08-21T16:40:00,TAS1,59.39973,,,,1152.04,1160.00348,324.72652,332.69
2026-08-21T06:39:14.500Z,2026-08-21T16:40:00,VIC1,65,,,,6249.72,5344.63809,1616.07191,778.89
2026-08-21T06:44:14.488Z,2026-08-21T16:45:00,NSW1,82.9,,,,8563.44,6069.37708,1200.53292,-1262.39
2026-08-21T06:44:14.488Z,2026-08-21T16:45:00,QLD1,77.41913,,,,6621.95,5813.76007,1294.20993,492.28
2026-08-21T06:44:14.488Z,2026-08-21T16:45:00,SA1,130.44,,,,1347.84,620.75763,448.43237,-270.65
2026-08-21T06:44:14.488Z,2026-08-21T16:45:00,TAS1,64.92985,,,,1154.09,1160.00424,315.03576,320.95
2026-08-21T06:44:14.488Z,2026-08-21T16:45:00,VIC1,70.83919,,,,6320.87,5408.18547,1677.89453,834.96
2026-08-21T06:49:14.512Z,2026-08-21T16:50:00,NSW1,76.14792,,,,8585.36,6302.8636,1042.1264,-1211.97
2026-08-21T06:49:14.512Z,2026-08-21T16:50:00,QLD1,71.68,,,,6751.35,6059.46072,1138.71928,451.31
2026-08-21T06:49:14.512Z,2026-08-21T16:50:00,SA1,130,,,,1372.17,662.88715,430.92285,-270.42
2026-08-21T06:49:14.512Z,2026-08-21T16:50:00,TAS1,60.20743,,,,1158.13,1164.00037,309.71963,315.58
2026-08-21T06:49:14.512Z,2026-08-21T16:50:00,VIC1,65.69718,,,,6396.36,5569.25167,1583.41833,823.3
2026-08-21T06:54:14.519Z,2026-08-21T16:55:00,NSW1,90.96255,,,,8784.21,6393.66241,890.02759,-1462.98
2026-08-21T06:54:14.519Z,2026-08-21T16:55:00,QLD1,81.89633,,,,6782.8,6457.63843,1034.98157,726.36
2026-08-21T06:54:14.519Z,2026-08-21T16:55:00,SA1,155.9,,,,1400.85,694.84931,420.27069,-277.76
2026-08-21T06:54:14.519Z,2026-08-21T16:55:00,TAS1,72.19447,,,,1174.54,1164.89881,314.65119,305.01
2026-08-21T06:54:14.519Z,2026-08-21T16:55:00,VIC1,78.54,,,,6504.77,5721.59161,1554.58839,836.94
2026-08-21T06:59:14.896Z,2026-08-21T17:00:00,NSW1,90.16015,,,,8761.49,6639.30623,785.72377,-1306.87
2026-08-21T06:59:14.896Z,2026-08-21T17:00:00,QLD1,83.38103,,,,6872.96,6541.01119,914.47881,591.9
2026-08-21T06:59:14.896Z,2026-08-21T17:00:00,SA1,155.9,,,,1402.99,698.88454,418.36546,-278.06
2026-08-21T06:59:14.896Z,2026-08-21T17:00:00,TAS1,72.18379,,,,1177,1180.79761,303.79239,307.59
2026-08-21T06:59:14.896Z,2026-08-21T17:00:00,VIC1,78.54,,,,6601.47,5756.83118,1576.70882,793.61
2026-08-21T07:04:14.888Z,2026-08-21T17:05:00,NSW1,72.18436,,,,8711.85,6998.70646,728.22354,-960.16
2026-08-21T07:04:14.888Z,2026-08-21T17:05:00,QLD1,71.68,,,,6932.63,6372.78249,714.07751,153.31
2026-08-21T07:04:14.888Z,2026-08-21T17:05:00,SA1,130.44,,,,1447.45,752.21064,413.40936,-274.09
2026-08-21T07:04:14.888Z,2026-08-21T17:05:00,TAS1,56.69747,,,,1179.36,1206.89964,302.50036,330.04
2026-08-21T07:04:14.888Z,2026-08-21T17:05:00,VIC1,62.08482,,,,6650.42,5779.90366,1652.99634,851.68
2026-08-21T07:09:15.673Z,2026-08-21T17:10:00,NSW1,73.01947,,,,8736.56,6828.81787,702.06213,-1172.56
2026-08-21T07:09:15.673Z,2026-08-21T17:10:00,QLD1,71.68,,,,6868.32,6468.67806,629.64194,229.55
2026-08-21T07:09:15.673Z,2026-08-21T17:10:00,SA1,101.04,,,,1498.66,801.78171,403.90829,-284.69
2026-08-21T07:09:15.673Z,2026-08-21T17:10:00,TAS1,55.99074,,,,1170.77,1206.90177,313.44823,349.58
2026-08-21T07:09:15.673Z,2026-08-21T17:10:00,VIC1,61.51,,,,6704.66,5963.09905,1660.63095,1004.14
2026-08-21T07:14:15.187Z,2026-08-21T17:15:00,NSW1,87.46986,,,,8840.37,6743.19932,733.05068,-1328.55
2026-08-21T07:14:15.187Z,2026-08-21T17:15:00,QLD1,83.73,,,,6951.42,6812.43802,509.41198,372.24
2026-08-21T07:14:15.187Z,2026-08-21T17:15:00,SA1,155.9,,,,1512.12,812.92688,415.83312,-275.01
2026-08-21T07:14:15.187Z,2026-08-21T17:15:00,TAS1,66.62986,,,,1168.96,1206.99601,315.87399,353.92
2026-08-21T07:14:15.187Z,2026-08-21T17:15:00,VIC1,73.21479,,,,6841.33,6161.62736,1602.84264,1009.84
2026-08-21T07:19:15.656Z,2026-08-21T17:20:00,NSW1,91.29078,,,,8911.01,6886.36384,682.85616,-1306.78
2026-08-21T07:19:15.656Z,2026-08-21T17:20:00,QLD1,87.75,,,,6896.03,6883.39278,374.24722,363.36
2026-08-21T07:19:15.656Z,2026-08-21T17:20:00,SA1,120.73,,,,1508.57,807.75813,465.53187,-227.29
2026-08-21T07:19:15.656Z,2026-08-21T17:20:00,TAS1,70.23065,,,,1174.6,1207.00001,303.59999,336
2026-08-21T07:19:15.656Z,2026-08-21T17:20:00,VIC1,76.92603,,,,6835.4,6211.02962,1503.83038,963.41
2026-08-21T13:03:16.523Z,2026-08-21T23:05:00,NSW1,90.49,,,,8203.86,6088.64079,452.69921,-1615.58
2026-08-21T13:03:16.523Z,2026-08-21T23:05:00,QLD1,78.94915,,,,6258.8,5726.5182,1365.4118,860.39
2026-08-21T13:03:16.523Z,2026-08-21T23:05:00,SA1,101.02,,,,1490.76,841.49648,562.70352,-76.74
2026-08-21T13:03:16.523Z,2026-08-21T23:05:00,TAS1,35.25961,,,,1004.66,700.89642,400.96358,97.21
2026-08-21T13:03:16.523Z,2026-08-21T23:05:00,VIC1,10.5,,,,5902.77,3588.64504,3132.87496,874.98
2026-08-22T01:44:33.204Z,2026-08-22T11:45:00,NSW1,32.63274,,,,6644.3,3010.89285,3885.21715,267.33
2026-08-22T01:44:33.204Z,2026-08-22T11:45:00,QLD1,69.75,,,,6643.27,3970.42766,2210.57234,-447.32
2026-08-22T01:44:33.204Z,2026-08-22T11:45:00,SA1,88.06,,,,1093.55,177.99713,372.07287,-532.6
2026-08-22T01:44:33.204Z,2026-08-22T11:45:00,TAS1,1.46639,,,,981.01,292.90308,339.96692,-348.14
2026-08-22T01:44:33.204Z,2026-08-22T11:45:00,VIC1,1.4,,,,5007.76,3118.00295,2991.83705,1124.19
2026-08-22T01:49:24.818Z,2026-08-22T11:50:00,NSW1,15.74897,,,,6743.93,2996.83387,3885.61613,158.88
2026-08-22T01:49:24.818Z,2026-08-22T11:50:00,QLD1,57.81,,,,6822.22,3994.77663,2341.87337,-469.32
2026-08-22T01:49:24.818Z,2026-08-22T11:50:00,SA1,88.06,,,,1011.25,122.99512,366.10488,-511.8
2026-08-22T01:49:24.818Z,2026-08-22T11:50:00,TAS1,5.27301,,,,973.74,292.89641,352.00359,-328.84
2026-08-22T01:49:24.818Z,2026-08-22T11:50:00,VIC1,5.05,,,,4881.55,3085.99651,2993.59349,1225.07
2026-08-22T01:54:17.178Z,2026-08-22T11:55:00,NSW1,27.88,,,,6832.73,2980.9645,3928.1955,95.17
2026-08-22T01:54:17.178Z,2026-08-22T11:55:00,QLD1,69.75,,,,6781.48,4002.12336,2340.43664,-425.24
2026-08-22T01:54:17.178Z,2026-08-22T11:55:00,SA1,88.06,,,,1023.52,147.00452,353.30548,-512.46
2026-08-22T01:54:17.178Z,2026-08-22T11:55:00,TAS1,5.257,,,,958.53,292.89939,354.15061,-311.48
2026-08-22T01:54:17.178Z,2026-08-22T11:55:00,VIC1,5.05,,,,4730.02,3030.00408,2897.21592,1224.76
2026-08-22T01:59:17.071Z,2026-08-22T12:00:00,NSW1,29.86164,,,,6805.65,2962.94492,3934.60508,112.62
2026-08-22T01:59:17.071Z,2026-08-22T12:00:00,QLD1,57.8,,,,6826.17,4010.93128,2342.13872,-457.66
2026-08-22T01:59:17.071Z,2026-08-22T12:00:00,SA1,68.05,,,,1049.77,128.00297,369.08703,-540.67
2026-08-22T01:59:17.071Z,2026-08-22T12:00:00,TAS1,6.66283,,,,959.51,292.90316,351.72684,-314.88
2026-08-22T01:59:17.071Z,2026-08-22T12:00:00,VIC1,6.4,,,,4594.55,3030.00096,2813.31904,1278.74
2026-08-22T02:04:17.248Z,2026-08-22T12:05:00,NSW1,5.37952,,,,6567.15,2948.22085,3911.74915,311.72
2026-08-22T02:04:17.248Z,2026-08-22T12:05:00,QLD1,57.55,,,,6843.51,4060.43149,2254.23851,-510.37
2026-08-22T02:04:17.248Z,2026-08-22T12:05:00,SA1,68.05,,,,1078.73,141.99684,393.79316,-531.25
2026-08-22T02:04:17.248Z,2026-08-22T12:05:00,TAS1,5.29051,,,,948.99,257.89524,347.56476,-343.52
2026-08-22T02:04:17.248Z,2026-08-22T12:05:00,VIC1,5.05,,,,4605.41,2928.56041,2799.32959,1146.07
2026-08-22T02:09:16.757Z,2026-08-22T12:10:00,NSW1,4.60272,,,,6716.14,2932.56634,4092.05366,318.35
2026-08-22T02:09:16.757Z,2026-08-22T12:10:00,QLD1,57.55,,,,6938.45,4105.81662,2446.46338,-375.18
2026-08-22T02:09:16.757Z,2026-08-22T12:10:00,SA1,88.06,,,,1011.32,102.99783,360.02217,-536.47
2026-08-22T02:09:16.757Z,2026-08-22T12:10:00,TAS1,4.63033,,,,944.43,257.89878,346.52122,-340.01
2026-08-22T02:09:16.757Z,2026-08-22T12:10:00,VIC1,4.42,,,,4691.88,2869.99707,2787.86293,984.25
2026-08-22T02:14:17.399Z,2026-08-22T12:15:00,NSW1,29.87928,,,,6789.32,2915.98993,4061.02007,202.93
2026-08-22T02:14:17.399Z,2026-08-22T12:15:00,QLD1,57.55,,,,6985.2,4133.4168,2417.1732,-421.43
2026-08-22T02:14:17.399Z,2026-08-22T12:15:00,SA1,88.06,,,,1005.3,103.00004,355.79996,-535.33
2026-08-22T02:14:17.399Z,2026-08-22T12:15:00,TAS1,5.68849,,,,953.88,257.89632,344.75368,-351.22
2026-08-22T02:14:17.399Z,2026-08-22T12:15:00,VIC1,5.43,,,,4570.65,2870.00287,2845.28713,1169.12
2026-08-22T08:44:16.041Z,2026-08-22T18:45:00,NSW1,106.02601,,,,8868.21,7337.67949,940.19051,-585.65
2026-08-22T08:44:16.041Z,2026-08-22T18:45:00,QLD1,104.83003,,,,7066.35,6956.00732,313.24268,201.97
2026-08-22T08:44:16.041Z,2026-08-22T18:45:00,SA1,172.95,,,,1603.29,1306.58514,103.57486,-186.71
2026-08-22T08:44:16.041Z,2026-08-22T18:45:00,TAS1,88.88086,,,,1247.68,1299.89702,344.38298,396.6
2026-08-22T08:44:16.041Z,2026-08-22T18:45:00,VIC1,98.56704,,,,6774.31,6385.00477,573.27523,223.68
2026-08-22T08:49:15.256Z,2026-08-22T18:50:00,NSW1,102.27271,,,,8776.18,7348.63072,917.76928,-505.73
2026-08-22T08:49:15.256Z,2026-08-22T18:50:00,QLD1,102.45,,,,7078.9,6861.26939,343.17061,124.44
2026-08-22T08:49:15.256Z,2026-08-22T18:50:00,SA1,155.9,,,,1649.09,1340.09609,102.86391,-196.61
2026-08-22T08:49:15.256Z,2026-08-22T18:50:00,TAS1,85.97673,,,,1238.96,1303.80022,334.42978,399.27
2026-08-22T08:49:15.256Z,2026-08-22T18:50:00,VIC1,95.3477,,,,6768.83,6386.00368,573.92632,233.46
2026-08-22T08:59:17.185Z,2026-08-22T19:00:00,NSW1,105.19,,,,8837.36,7360.2602,895.6098,-577.93
2026-08-22T08:59:17.185Z,2026-08-22T19:00:00,QLD1,104.00781,,,,7062.37,6922.99912,349.91088,209.66
2026-08-22T08:59:17.185Z,2026-08-22T19:00:00,SA1,155.9,,,,1696.11,1420.09569,102.20431,-164.1
2026-08-22T08:59:17.185Z,2026-08-22T19:00:00,TAS1,88.77544,,,,1219.54,1307.90134,337.84866,426.2
2026-08-22T08:59:17.185Z,2026-08-22T19:00:00,VIC1,99.09622,,,,6802.22,6387.99992,532.77008,162.73
2026-08-23T11:18:49.146Z,2026-08-23T21:20:00,NSW1,75.9425,FIRM,0,0,8568.28,7046.3658,649.1242,-854.63
2026-08-23T11:18:49.146Z,2026-08-23T21:20:00,QLD1,67.43474,FIRM,0,0,6646.35,5792.6972,1648.4328,817.13
2026-08-23T11:18:49.146Z,2026-08-23T21:20:00,SA1,67.44,FIRM,0,0,1547.82,537.04759,1159.79241,151.64
2026-08-23T11:18:49.146Z,2026-08-23T21:20:00,TAS1,68.71562,FIRM,0,0,1229.25,1296.59023,225.39977,292.75
2026-08-23T11:18:49.146Z,2026-08-23T21:20:00,VIC1,74.48,FIRM,0,0,6266.82,4824.84002,1078.22998,-345.99
2026-08-23T23:56:39.187Z,2026-08-24T10:00:00,NSW1,15.65688,FIRM,0,0,7472.42,3088.17653,4097.88347,-269.42
2026-08-23T23:56:39.187Z,2026-08-24T10:00:00,QLD1,14.12,FIRM,0,0,5940.85,3215.48608,3318.60392,609.14
2026-08-23T23:56:39.187Z,2026-08-24T10:00:00,SA1,23.42,FIRM,0,0,1879.91,124.00293,1132.93707,-594.1
2026-08-23T23:56:39.187Z,2026-08-24T10:00:00,TAS1,17.6336,FIRM,0,0,1131.36,478.89781,256.69219,-395.77
2026-08-23T23:56:39.187Z,2026-08-24T10:00:00,VIC1,16.69704,FIRM,0,0,5825.21,4259.99514,2277.06486,754.11
2026-08-24T01:51:45.789Z,2026-08-24T11:55:00,NSW1,20.02756,FIRM,0,0,7183.31,3081.00365,4237.79635,137.67
2026-08-24T01:51:45.789Z,2026-08-24T11:55:00,QLD1,19.99,FIRM,0,0,6159.96,3172.0881,3021.9219,34.02
2026-08-24T01:51:45.789Z,2026-08-24T11:55:00,SA1,30.96,FIRM,0,0,2020.85,73.49537,1352.85463,-561.77
2026-08-24T01:51:45.789Z,2026-08-24T11:55:00,TAS1,11.25724,FIRM,0,0,1034.05,379.59844,252.37156,-402.08
2026-08-24T01:51:45.789Z,2026-08-24T11:55:00,VIC1,10.65,FIRM,0,0,5699.15,3934.51517,2591.68483,870.09
2026-08-24T03:10:28.929Z,2026-08-24T13:10:00,NSW1,22.70775,FIRM,0,0,6821.88,2980.99588,3970.64412,130.73
2026-08-24T03:10:28.929Z,2026-08-24T13:10:00,QLD1,22.85,FIRM,0,0,5962.13,3171.98668,2768.11332,-22.01
2026-08-24T03:10:28.929Z,2026-08-24T13:10:00,SA1,52.66,FIRM,0,0,1916.07,42.99649,1278.57351,-564.13
2026-08-24T03:10:28.929Z,2026-08-24T13:10:00,TAS1,11.09801,FIRM,0,0,1042.03,459.99978,185.05022,-396.98
2026-08-24T03:10:28.929Z,2026-08-24T13:10:00,VIC1,10.5,FIRM,0,0,4950.52,3686.44156,2147.82844,922.1
2026-08-24T04:23:20.248Z,2026-08-24T14:25:00,NSW1,6.87682,FIRM,0,0,6245.6,3100.31367,3699.16633,569.56
2026-08-24T04:23:20.248Z,2026-08-24T14:25:00,QLD1,6.85,FIRM,0,0,6001.77,3327.64248,2708.11752,34
2026-08-24T04:23:20.248Z,2026-08-24T14:25:00,SA1,52,FIRM,0,0,2153.88,47.9988,1487.3812,-586.01
2026-08-24T04:23:20.248Z,2026-08-24T14:25:00,TAS1,33.3217,FIRM,0,0,1064.44,476.69513,173.73487,-414
2026-08-24T04:23:20.248Z,2026-08-24T14:25:00,VIC1,31.45,FIRM,0,0,5457.21,4134.00002,1767.83998,510.75
2026-08-24T05:20:32.919Z,2026-08-24T15:20:00,NSW1,0.01057,FIRM,0,0,6722.33,3773.18806,3031.48194,94.56
2026-08-24T05:20:32.919Z,2026-08-24T15:20:00,QLD1,0.01,FIRM,0,0,5787.6,3549.14629,2585.13371,351.13
2026-08-24T05:20:32.919Z,2026-08-24T15:20:00,SA1,137.77952,FIRM,0,0,1986.67,116.00054,1351.21946,-496.81
2026-08-24T05:20:32.919Z,2026-08-24T15:20:00,TAS1,116.55727,FIRM,0,0,1120.82,1030.91366,104.63634,14.73
2026-08-24T05:20:32.919Z,2026-08-24T15:20:00,VIC1,119.12112,FIRM,0,0,5428.93,4416.43813,1088.20187,112.56
2026-08-24T06:05:18.272Z,2026-08-24T16:05:00,NSW1,61.02,FIRM,0,0,7442.98,4507.60914,2510.95086,-407.88
2026-08-24T06:05:18.272Z,2026-08-24T16:05:00,QLD1,54.91124,FIRM,0,0,6148.92,4123.99663,2695.85337,687.73
2026-08-24T06:05:18.272Z,2026-08-24T16:05:00,SA1,78.59493,FIRM,0,0,1934.58,314.99713,1369.32287,-244.26
2026-08-24T06:05:18.272Z,2026-08-24T16:05:00,TAS1,66.28451,FIRM,0,0,1204.96,1473.80163,102.18837,371.03
2026-08-24T06:05:18.272Z,2026-08-24T16:05:00,VIC1,72.93,FIRM,0,0,5918.43,4884.60276,666.53724,-335.2
2026-08-24T07:40:01.659Z,2026-08-24T17:40:00,NSW1,112.76459,FIRM,0,0,8972.62,7831.8529,251.6371,-873.23
2026-08-24T07:40:01.659Z,2026-08-24T17:40:00,QLD1,100.49572,FIRM,0,0,7443.89,7323.55923,950.63077,850.63
2026-08-24T07:40:01.659Z,2026-08-24T17:40:00,SA1,129.71202,FIRM,0,0,2006.82,641.00262,1410.76738,44.81
2026-08-24T07:40:01.659Z,2026-08-24T17:40:00,TAS1,117.49037,FIRM,0,0,1382.6,1690.00467,57.22533,364.63
2026-08-24T07:40:01.659Z,2026-08-24T17:40:00,VIC1,129.46,FIRM,0,0,6963.98,6166.27795,446.95205,-330.61
2026-08-24T09:13:12.780Z,2026-08-24T19:15:00,NSW1,105.96151,FIRM,0,0,9126.74,7454.9155,601.4245,-1038.01
2026-08-24T09:13:12.780Z,2026-08-24T19:15:00,QLD1,89.73,FIRM,0,0,7442.31,7012.11777,1514.48223,1124.93
2026-08-24T09:13:12.780Z,2026-08-24T19:15:00,SA1,120.3,FIRM,0,0,2066.93,647.11299,1266.81701,-150.55
2026-08-24T09:13:12.780Z,2026-08-24T19:15:00,TAS1,103.21078,FIRM,0,0,1371.57,1718.89578,53.91422,401.24
2026-08-24T09:13:12.780Z,2026-08-24T19:15:00,VIC1,114.48,FIRM,0,0,7089.73,6228.03047,599.54953,-235.24
2026-08-24T10:03:06.210Z,2026-08-24T20:05:00,NSW1,97.63,FIRM,0,0,8872.97,6832.93824,816.89176,-1206.14
2026-08-24T10:03:06.210Z,2026-08-24T20:05:00,QLD1,87.74,FIRM,0,0,7246.39,6364.516,1637.874,772.72
2026-08-24T10:03:06.210Z,2026-08-24T20:05:00,SA1,93.95266,FIRM,0,0,2017.29,402.99767,1591.82233,-22.28
2026-08-24T10:03:06.210Z,2026-08-24T20:05:00,TAS1,82.51781,FIRM,0,0,1319.06,1707.89935,38.30065,427.14
2026-08-24T10:03:06.210Z,2026-08-24T20:05:00,VIC1,92.09151,FIRM,0,0,6797.04,5787.00373,1072.51627,95.92
2026-08-24T10:45:07.267Z,2026-08-24T20:45:00,NSW1,104.01135,FIRM,0,0,8651.89,6668.37378,968.34622,-979.69
2026-08-24T10:45:07.267Z,2026-08-24T20:45:00,QLD1,87.74,FIRM,0,0,7089.18,6469.02049,1715.61951,1139.45
2026-08-24T10:45:07.267Z,2026-08-24T20:45:00,SA1,104.82431,FIRM,0,0,1959.09,513.00392,1574.51608,128.57
2026-08-24T10:45:07.267Z,2026-08-24T20:45:00,TAS1,95.8663,FIRM,0,0,1288.46,1648.00398,49.95602,409.5
2026-08-24T10:45:07.267Z,2026-08-24T20:45:00,VIC1,106.58509,FIRM,0,0,6507.13,4967.00243,921.91757,-592.21
2026-08-24T11:12:18.197Z,2026-08-24T21:15:00,NSW1,113.4,FIRM,0,0,8575.04,6552.5557,1048.2543,-929.4
2026-08-24T11:12:18.197Z,2026-08-24T21:15:00,QLD1,93.73002,FIRM,0,0,7009.62,6485.06132,1710.34868,1239.63
2026-08-24T11:12:18.197Z,2026-08-24T21:15:00,SA1,132.06414,FIRM,0,0,1848.96,548.00074,1384.67926,83.78
2026-08-24T11:12:18.197Z,2026-08-24T21:15:00,TAS1,119.53815,FIRM,0,0,1269.73,1640.90253,49.35747,420.53
2026-08-24T11:12:18.197Z,2026-08-24T21:15:00,VIC1,133.30488,FIRM,0,0,6349.24,4696.99876,936.42124,-686.39
2026-08-24T11:42:29.055Z,2026-08-24T21:45:00,NSW1,109.29409,FIRM,0,0,8350.53,6376.84195,1089.28805,-853.03
2026-08-24T11:42:29.055Z,2026-08-24T21:45:00,QLD1,93.21,FIRM,0,0,6945.04,6256.89015,1711.92985,1062.13
2026-08-24T11:42:29.055Z,2026-08-24T21:45:00,SA1,52,FIRM,0,0,1884.41,452.00129,1569.22871,137.24
2026-08-24T11:42:29.055Z,2026-08-24T21:45:00,TAS1,101.73323,FIRM,0,0,1224.78,1590.00026,48.78974,414.01
2026-08-24T11:42:29.055Z,2026-08-24T21:45:00,VIC1,113.04685,FIRM,0,0,6177.81,4472.00288,1015.60712,-663.14
2026-08-24T12:00:47.733Z,2026-08-24T22:05:00,NSW1,71.4,FIRM,0,0,8097.59,6216.3551,1134.6349,-736.86
2026-08-24T12:00:47.733Z,2026-08-24T22:05:00,QLD1,65.4115,FIRM,0,0,6552.76,5438.56756,1721.17244,618.5
2026-08-24T12:00:47.733Z,2026-08-24T22:05:00,SA1,70.32026,FIRM,0,0,1807.46,267.99762,1556.12238,16.62
2026-08-24T12:00:47.733Z,2026-08-24T22:05:00,TAS1,64.62842,FIRM,0,0,1188.28,1435.79984,40.53016,288.05
2026-08-24T12:00:47.733Z,2026-08-24T22:05:00,VIC1,70.00144,FIRM,0,0,5825.96,4460.00366,1200.86634,-150.25
2026-08-24T12:56:47.660Z,2026-08-24T23:00:00,NSW1,74.00147,FIRM,0,0,7931.61,5697.33602,1270.76398,-946.08
2026-08-24T12:56:47.660Z,2026-08-24T23:00:00,QLD1,66.23279,FIRM,0,0,6241.33,5236.88399,1708.30601,722.25
2026-08-24T12:56:47.660Z,2026-08-24T23:00:00,SA1,70.55452,FIRM,0,0,1782.97,139.00493,1634.28507,-9.67
2026-08-24T12:56:47.660Z,2026-08-24T23:00:00,TAS1,64.93992,FIRM,0,0,1114.84,1372.80144,30.43856,288.4
2026-08-24T12:56:47.660Z,2026-08-24T23:00:00,VIC1,70.32,FIRM,0,0,5720.8,4187.82644,1513.89356,-0.48
2026-08-24T13:56:51.692Z,2026-08-25T00:00:00,NSW1,85.50416,FIRM,0,0,7685.76,5683.89844,1285.71156,-680.26
2026-08-24T13:56:51.692Z,2026-08-25T00:00:00,QLD1,72.50005,FIRM,0,0,5994.09,5322.10835,1676.43165,1047.72
2026-08-24T13:56:51.692Z,2026-08-25T00:00:00,SA1,52,FIRM,0,0,1657.43,139.00147,1546.04853,27.71
2026-08-24T13:56:51.692Z,2026-08-25T00:00:00,TAS1,82.88646,FIRM,0,0,1086.75,1330.80018,12.55982,256.61
2026-08-24T13:56:51.692Z,2026-08-25T00:00:00,VIC1,89.18646,FIRM,0,0,5463.6,3872.00438,1019.07562,-558.24
2026-08-24T14:25:32.465Z,2026-08-25T00:25:00,NSW1,91.56467,FIRM,0,0,7719.4,5940.04813,1296.16187,-447.91
2026-08-24T14:25:32.465Z,2026-08-25T00:25:00,QLD1,78.52,FIRM,0,0,5891.59,5174.83892,1658.50108,980.02
2026-08-24T14:25:32.465Z,2026-08-25T00:25:00,SA1,96.69464,FIRM,0,0,1516.72,42.99952,1508.60048,34.98
2026-08-24T14:25:32.465Z,2026-08-25T00:25:00,TAS1,88.9589,FIRM,0,0,1083.28,1420.79843,29.78157,367.3
2026-08-24T14:25:32.465Z,2026-08-25T00:25:00,VIC1,97.83169,FIRM,0,0,5619.67,4012.00015,746.93985,-831.96
2026-08-24T15:07:22.312Z,2026-08-25T01:10:00,NSW1,73.82435,FIRM,0,0,7631.62,5746.5594,1465.1306,-379.67
2026-08-24T15:07:22.312Z,2026-08-25T01:10:00,QLD1,62.73004,FIRM,0,0,5654.13,4979.20723,1635.49277,1002.01
2026-08-24T15:07:22.312Z,2026-08-25T01:10:00,SA1,98.47154,FIRM,0,0,1609.42,42.99679,1503.03321,-63.11
2026-08-24T15:07:22.312Z,2026-08-25T01:10:00,TAS1,88.24,FIRM,0,0,1067.97,1401.27731,31.06269,364.37
2026-08-24T15:07:22.312Z,2026-08-25T01:10:00,VIC1,97.01729,FIRM,0,0,5242.04,3922.00419,478.41581,-808.77
2026-08-24T15:51:48.285Z,2026-08-25T01:55:00,NSW1,74.86694,FIRM,0,0,7410.55,5230.42872,1481.32128,-658.21
2026-08-24T15:51:48.285Z,2026-08-25T01:55:00,QLD1,62.73004,FIRM,0,0,5542,4976.87069,1589.91931,1073.01
2026-08-24T15:51:48.285Z,2026-08-25T01:55:00,SA1,76.97609,FIRM,0,0,1507.14,43.00193,1564.94807,101.26
2026-08-24T15:51:48.285Z,2026-08-25T01:55:00,TAS1,72.69417,FIRM,0,0,1044.03,1303.29001,21.80999,281.07
2026-08-24T15:51:48.285Z,2026-08-25T01:55:00,VIC1,78.42,FIRM,0,0,5359.19,4360.9992,290.3108,-690.54
2026-08-24T16:19:08.090Z,2026-08-25T02:20:00,NSW1,83.9902,FIRM,0,0,7267.75,5145.7788,1441.8312,-635.61
2026-08-24T16:19:08.090Z,2026-08-25T02:20:00,QLD1,69.90844,FIRM,0,0,5557.75,4986.28542,1630.96458,1111.38
2026-08-24T16:19:08.090Z,2026-08-25T02:20:00,SA1,89.66524,FIRM,0,0,1662.06,43.00164,1603.38836,-15.63
2026-08-24T16:19:08.090Z,2026-08-25T02:20:00,TAS1,83.15666,FIRM,0,0,1035.99,1262.00472,16.19528,242.21
2026-08-24T16:19:08.090Z,2026-08-25T02:20:00,VIC1,89.13851,FIRM,0,0,5167.95,4337.99841,224.06159,-589.86
2026-08-24T16:58:48.127Z,2026-08-25T03:00:00,NSW1,87.67121,FIRM,0,0,7111.19,4969.10259,1600.04741,-492.35
2026-08-24T16:58:48.127Z,2026-08-25T03:00:00,QLD1,72.96796,FIRM,0,0,5552.99,5036.65763,1589.04237,1125.99
2026-08-24T16:58:48.127Z,2026-08-25T03:00:00,SA1,29.65,FIRM,0,0,1728.82,43.00132,1700.51868,14.67
2026-08-24T16:58:48.127Z,2026-08-25T03:00:00,TAS1,88.24,FIRM,0,0,1038.1,1310.80616,20.81384,293.52
2026-08-24T16:58:48.127Z,2026-08-25T03:00:00,VIC1,95.4648,FIRM,0,0,5285.36,4337.99944,108.49056,-812.38
2026-08-24T17:28:59.986Z,2026-08-25T03:30:00,NSW1,83.9898,FIRM,0,0,7214.92,4936.26086,1688.37914,-551.57
2026-08-24T17:28:59.986Z,2026-08-25T03:30:00,QLD1,70.8617,FIRM,0,0,5612.72,4954.74487,1645.41513,1031.79
2026-08-24T17:28:59.986Z,2026-08-25T03:30:00,SA1,42.02,FIRM,0,0,1723.63,43.00123,1747.53877,67.02
2026-08-24T17:28:59.986Z,2026-08-25T03:30:00,TAS1,83.34962,FIRM,0,0,1038.02,1262.90393,12.11607,237
2026-08-24T17:28:59.986Z,2026-08-25T03:30:00,VIC1,89.04504,FIRM,0,0,5138.25,4337.99762,99.18238,-684.97
2026-08-24T17:57:32.381Z,2026-08-25T04:00:00,NSW1,80.75312,FIRM,0,0,7238.89,4846.24968,1743.09032,-599.67
2026-08-24T17:57:32.381Z,2026-08-25T04:00:00,QLD1,66.83764,FIRM,0,0,5584.2,4954.78586,1738.32414,1165.56
2026-08-24T17:57:32.381Z,2026-08-25T04:00:00,SA1,60.01,FIRM,0,0,1730.62,42.99659,1767.63341,80.31
2026-08-24T17:57:32.381Z,2026-08-25T04:00:00,TAS1,80.98663,FIRM,0,0,1030.77,1254,0,223.23
2026-08-24T17:57:32.381Z,2026-08-25T04:00:00,VIC1,86.27,FIRM,0,0,5245.88,4358.00025,125.26975,-744.86
2026-08-24T18:32:10.275Z,2026-08-25T04:35:00,NSW1,86.31655,FIRM,0,0,7254.88,5196.33861,1645.35139,-375.11
2026-08-24T18:32:10.275Z,2026-08-25T04:35:00,QLD1,73.43349,FIRM,0,0,5811.25,5083.4721,1674.7579,986.55
2026-08-24T18:32:10.275Z,2026-08-25T04:35:00,SA1,8.793,FIRM,0,0,1701.23,43.99744,1768.20256,111.69
2026-08-24T18:32:10.275Z,2026-08-25T04:35:00,TAS1,87.33539,FIRM,0,0,1037.82,1278.80285,3.66715,244.64
2026-08-24T18:32:10.275Z,2026-08-25T04:35:00,VIC1,93.61,FIRM,0,0,5365.3,4358.00214,117.88786,-866.85
2026-08-24T19:11:17.070Z,2026-08-25T05:15:00,NSW1,89.92324,FIRM,0,0,7351.32,5311.72637,1507.67363,-503.71
2026-08-24T19:11:17.070Z,2026-08-25T05:15:00,QLD1,77.71815,FIRM,0,0,5950.01,5206.2095,1626.8005,915.56
2026-08-24T19:11:17.070Z,2026-08-25T05:15:00,SA1,-6.24989,FIRM,0,0,1616.16,42.99653,1709.17347,137.38
2026-08-24T19:11:17.070Z,2026-08-25T05:15:00,TAS1,88.24,FIRM,0,0,1055.13,1283.58828,4.81172,233.27
2026-08-24T19:11:17.070Z,2026-08-25T05:15:00,VIC1,94.32611,FIRM,0,0,5558.64,4683.00355,155.26645,-705.29
2026-08-24T19:42:21.085Z,2026-08-25T05:45:00,NSW1,84.79,FIRM,0,0,7377.95,5584.06989,1530.25011,-248.2
2026-08-24T19:42:21.085Z,2026-08-25T05:45:00,QLD1,76.82659,FIRM,0,0,6183.05,5194.8826,1639.7074,667.02
2026-08-24T19:42:21.085Z,2026-08-25T05:45:00,SA1,-1,FIRM,0,0,1694.27,42.9983,1753.4717,103.13
2026-08-24T19:42:21.085Z,2026-08-25T05:45:00,TAS1,86.72347,FIRM,0,0,1068.03,1339.80329,0.55671,272.33
2026-08-24T19:42:21.085Z,2026-08-25T05:45:00,VIC1,93.61,FIRM,0,0,5636.78,4713.0046,161.3454,-743.52
2026-08-24T20:01:47.022Z,2026-08-25T06:05:00,NSW1,87.06007,FIRM,0,0,7625.68,5805.71684,1548.20316,-254.47
2026-08-24T20:01:47.022Z,2026-08-25T06:05:00,QLD1,78.52,FIRM,0,0,6318.54,5330.08022,1673.21978,701.54
2026-08-24T20:01:47.022Z,2026-08-25T06:05:00,SA1,-6.25,FIRM,0,0,1684.84,43.0025,1735.5675,94.57
2026-08-24T20:01:47.022Z,2026-08-25T06:05:00,TAS1,85.8096,FIRM,0,0,1096.75,1344.86198,7.68802,255.8
2026-08-24T20:01:47.022Z,2026-08-25T06:05:00,VIC1,92.36561,FIRM,0,0,5694.81,4756.00048,176.27952,-743.4
2026-08-24T20:37:44.638Z,2026-08-25T06:40:00,NSW1,88.89762,FIRM,0,0,8163.69,5846.38567,1650.82433,-648.3
2026-08-24T20:37:44.638Z,2026-08-25T06:40:00,QLD1,78.54,FIRM,0,0,6719.53,5768.00267,1755.99733,826.93
2026-08-24T20:37:44.638Z,2026-08-25T06:40:00,SA1,8.07094,FIRM,0,0,1681.93,42.99695,1821.76305,185.74
2026-08-24T20:37:44.638Z,2026-08-25T06:40:00,TAS1,83.2257,FIRM,0,0,1183.55,1491.1773,0.1127,307.74
2026-08-24T20:37:44.638Z,2026-08-25T06:40:00,VIC1,90.5,FIRM,0,0,6306.25,5459.08162,218.59838,-609.55
2026-08-24T21:03:02.740Z,2026-08-25T07:05:00,NSW1,73.54068,FIRM,0,0,8402.85,5754.88978,1820.78022,-801.36
2026-08-24T21:03:02.740Z,2026-08-25T07:05:00,QLD1,63.73,FIRM,0,0,6702.37,5487.45225,2145.75775,962.86
2026-08-24T21:03:02.740Z,2026-08-25T07:05:00,SA1,-0.64384,FIRM,0,0,1638.18,43.00055,1758.54945,165.64
2026-08-24T21:03:02.740Z,2026-08-25T07:05:00,TAS1,88.24,FIRM,0,0,1249.28,1627.85201,15.20799,393.79
2026-08-24T21:03:02.740Z,2026-08-25T07:05:00,VIC1,97.82492,FIRM,0,0,6583.51,5650.99927,271.70073,-634.64
2026-08-24T21:37:03.423Z,2026-08-25T07:40:00,NSW1,73.15,FIRM,0,0,8653.4,5457.66079,2138.10921,-1014.54
2026-08-24T21:37:03.423Z,2026-08-25T07:40:00,QLD1,60.67539,FIRM,0,0,6299.06,4726.98944,2702.22056,1183.89
2026-08-24T21:37:03.423Z,2026-08-25T07:40:00,SA1,-0.35332,FIRM,0,0,1749.01,113.0003,1796.5797,162.57
2026-08-24T21:37:03.423Z,2026-08-25T07:40:00,TAS1,89.10333,FIRM,0,0,1296.18,1720.99934,8.55066,433.37
2026-08-24T21:37:03.423Z,2026-08-25T07:40:00,VIC1,99.48,FIRM,0,0,7003.84,5968.46377,368.92623,-636.19
2026-08-24T21:57:33.384Z,2026-08-25T08:00:00,NSW1,57.4,FIRM,0,0,8499.27,5197.75889,2465.24111,-807.08
2026-08-24T21:57:33.384Z,2026-08-25T08:00:00,QLD1,49.41965,FIRM,0,0,6190.31,4193.69409,2934.44591,973.72
2026-08-24T21:57:33.384Z,2026-08-25T08:00:00,SA1,59.55,FIRM,0,0,1769.35,405.62375,1753.18625,399.19
2026-08-24T21:57:33.384Z,2026-08-25T08:00:00,TAS1,83.31725,FIRM,0,0,1285.26,1496.26,0,211.01
2026-08-24T21:57:33.384Z,2026-08-25T08:00:00,VIC1,89.01,FIRM,0,0,6961.48,5816.9166,442.5334,-682.62
2026-08-24T22:20:22.702Z,2026-08-25T08:20:00,NSW1,69.98983,FIRM,0,0,8441.14,4989.17683,2540.55317,-867.24
2026-08-24T22:20:22.702Z,2026-08-25T08:20:00,QLD1,54.73008,FIRM,0,0,5931.67,3813.86386,3219.85614,1155.5
2026-08-24T22:20:22.702Z,2026-08-25T08:20:00,SA1,86.86692,FIRM,0,0,1742.76,359.45832,1791.29168,418.93
2026-08-24T22:20:22.702Z,2026-08-25T08:20:00,TAS1,88.24,FIRM,0,0,1279.09,1562.51873,4.36127,287.79
2026-08-24T22:20:22.702Z,2026-08-25T08:20:00,VIC1,95.74458,FIRM,0,0,6978.52,5562.0001,530.0899,-858.69
2026-08-24T22:47:43.297Z,2026-08-25T08:50:00,NSW1,83.85266,FIRM,0,0,8329.54,4905.20065,2849.59935,-543.7
2026-08-24T22:47:43.297Z,2026-08-25T08:50:00,QLD1,24.81,FIRM,0,0,5858.82,3311.62759,3409.17241,896.65
2026-08-24T22:47:43.297Z,2026-08-25T08:50:00,SA1,83.67,FIRM,0,0,1714.56,341.29704,1762.08296,398.78
2026-08-24T22:47:43.297Z,2026-08-25T08:50:00,TAS1,85.44492,FIRM,0,0,1241.42,1488.27756,1.36244,248.23
2026-08-24T22:47:43.297Z,2026-08-25T08:50:00,VIC1,91.84471,FIRM,0,0,6874.17,5227.34925,722.53075,-897.65
2026-08-24T23:03:49.499Z,2026-08-25T09:05:00,NSW1,68.02,FIRM,0,0,8335.34,4832.61536,2815.12464,-640.05
2026-08-24T23:03:49.499Z,2026-08-25T09:05:00,QLD1,31.69,FIRM,0,0,5672.93,3238.56028,3477.76972,1097.65
2026-08-24T23:03:49.499Z,2026-08-25T09:05:00,SA1,88.47722,FIRM,0,0,1736.53,403.76685,1704.11315,380.26
2026-08-24T23:03:49.499Z,2026-08-25T09:05:00,TAS1,88.24,FIRM,0,0,1236.86,1566.26811,2.55189,331.96
2026-08-24T23:03:49.499Z,2026-08-25T09:05:00,VIC1,96.63501,FIRM,0,0,6821.3,5108.00376,654.18624,-1024.26
2026-08-24T23:29:20.440Z,2026-08-25T09:30:00,NSW1,83.99022,FIRM,0,0,8274.99,4820.55923,2977.36077,-445.26
2026-08-24T23:29:20.440Z,2026-08-25T09:30:00,QLD1,31.01,FIRM,0,0,5923.34,3197.52316,3528.88684,838.5
2026-08-24T23:29:20.440Z,2026-08-25T09:30:00,SA1,82.0839,FIRM,0,0,1709.87,229.83359,1811.22641,338.45
2026-08-24T23:29:20.440Z,2026-08-25T09:30:00,TAS1,82.06048,FIRM,0,0,1211.98,1490.00011,10.69989,288.72
2026-08-24T23:29:20.440Z,2026-08-25T09:30:00,VIC1,89,FIRM,0,0,6623.71,5120.59472,557.20528,-918.15
2026-08-24T23:46:56.131Z,2026-08-25T09:50:00,NSW1,94.34291,FIRM,0,0,8516.92,5076.19429,2739.66571,-669.89
2026-08-24T23:46:56.131Z,2026-08-25T09:50:00,QLD1,25.79,FIRM,0,0,5735.48,3177.51799,3433.95201,914.25
2026-08-24T23:46:56.131Z,2026-08-25T09:50:00,SA1,88.48495,FIRM,0,0,1634.49,170.90708,1832.48292,378.14
2026-08-24T23:46:56.131Z,2026-08-25T09:50:00,TAS1,88.24,FIRM,0,0,1214.27,1564.254,6.986,356.97
2026-08-24T23:46:56.131Z,2026-08-25T09:50:00,VIC1,96.87142,FIRM,0,0,6376.43,5048.99675,426.62325,-870.53
2026-08-25T00:00:45.705Z,2026-08-25T10:05:00,NSW1,84.79,FIRM,0,0,8325.7,5044.63514,2788.16486,-466.78
2026-08-25T00:00:45.705Z,2026-08-25T10:05:00,QLD1,25.79,FIRM,0,0,5648.1,3171.58337,3243.71663,797.44
2026-08-25T00:00:45.705Z,2026-08-25T10:05:00,SA1,78.64451,FIRM,0,0,1550.31,194.28693,1799.38307,457.32
2026-08-25T00:00:45.705Z,2026-08-25T10:05:00,TAS1,84.29244,FIRM,0,0,1185.89,1337.52021,7.25979,158.88
2026-08-25T00:00:45.705Z,2026-08-25T10:05:00,VIC1,88.15072,FIRM,0,0,6293.34,4838.00295,578.78705,-854.15
2026-08-25T01:25:12.288Z,2026-08-25T11:25:00,NSW1,83.9899,FIRM,0,0,8719.94,5127.20795,2941.52205,-619.79
2026-08-25T01:25:12.288Z,2026-08-25T11:25:00,QLD1,43.75,FIRM,0,0,5451.37,3201.93319,3109.83681,898.88
2026-08-25T01:25:12.288Z,2026-08-25T11:25:00,SA1,74.47317,FIRM,0,0,1550.9,142.53341,1980.51659,596.3
2026-08-25T01:25:12.288Z,2026-08-25T11:25:00,TAS1,79.15178,FIRM,0,0,1094.85,1378.79773,36.41227,320.36
2026-08-25T01:25:12.288Z,2026-08-25T11:25:00,VIC1,86.41566,FIRM,0,0,6626.9,4608.99669,916.18331,-1060.16
2026-08-25T02:34:26.208Z,2026-08-25T12:35:00,NSW1,83.12,FIRM,0,0,9183.48,5356.98596,2998.56404,-788.63
2026-08-25T02:34:26.208Z,2026-08-25T12:35:00,QLD1,67.23,FIRM,0,0,5512.25,3619.37768,2857.83232,1014.51
2026-08-25T02:34:26.208Z,2026-08-25T12:35:00,SA1,71.86194,FIRM,0,0,1491.57,42.99749,2039.27251,615.77
2026-08-25T02:34:26.208Z,2026-08-25T12:35:00,TAS1,76.13384,FIRM,0,0,1044.92,1368.90706,33.06294,357.05
2026-08-25T02:34:26.208Z,2026-08-25T12:35:00,VIC1,83.59162,FIRM,0,0,6419.73,4470.9987,863.9513,-1040.96
2026-08-25T03:27:39.054Z,2026-08-25T13:30:00,NSW1,99.01,FIRM,0,0,9038.16,5871.83905,2378.59095,-745.41
2026-08-25T03:27:39.054Z,2026-08-25T13:30:00,QLD1,69.1,FIRM,0,0,5505.9,3858.47521,2663.04479,1069.78
2026-08-25T03:27:39.054Z,2026-08-25T13:30:00,SA1,87.25407,FIRM,0,0,1668.72,42.99629,2109.19371,503.66
2026-08-25T03:27:39.054Z,2026-08-25T13:30:00,TAS1,88.24,FIRM,0,0,1045.01,1479.91207,24.09793,459
2026-08-25T03:27:39.054Z,2026-08-25T13:30:00,VIC1,100.11017,FIRM,0,0,6296.03,4397.00028,728.65972,-1121.7
2026-08-25T04:07:39.192Z,2026-08-25T14:10:00,NSW1,99.01,FIRM,0,0,8802.05,5935.43832,1934.44168,-885.83
2026-08-25T04:07:39.192Z,2026-08-25T14:10:00,QLD1,71.88,FIRM,0,0,5470.61,4134.51623,2410.05377,1133.2
2026-08-25T04:07:39.192Z,2026-08-25T14:10:00,SA1,86.92708,FIRM,0,0,1600.78,42.99758,2045.12242,507.28
2026-08-25T04:07:39.192Z,2026-08-25T14:10:00,TAS1,89.26876,FIRM,0,0,1136.12,1521.80349,39.92651,425.61
2026-08-25T04:07:39.192Z,2026-08-25T14:10:00,VIC1,99.52785,FIRM,0,0,6361.74,4522.00003,784.98997,-1010.19
2026-08-25T04:50:07.828Z,2026-08-25T14:50:00,NSW1,99.92511,FIRM,0,0,8828.96,6017.23629,1613.09371,-1147.53
2026-08-25T04:50:07.828Z,2026-08-25T14:50:00,QLD1,81.60988,FIRM,0,0,5576.57,4463.88253,2244.98747,1195.8
2026-08-25T04:50:07.828Z,2026-08-25T14:50:00,SA1,86.68859,FIRM,0,0,1758.87,42.99601,2080.99399,377.14
2026-08-25T04:50:07.828Z,2026-08-25T14:50:00,TAS1,88.24,FIRM,0,0,1149.84,1436.83924,43.00076,330
2026-08-25T04:50:07.828Z,2026-08-25T14:50:00,VIC1,96.42,FIRM,0,0,6278.91,4664.0005,986.1095,-598.69
2026-08-25T05:19:00.891Z,2026-08-25T15:20:00,NSW1,103.37706,FIRM,0,0,8884.52,6245.83021,1452.58979,-1152.18
2026-08-25T05:19:00.891Z,2026-08-25T15:20:00,QLD1,88.66209,FIRM,0,0,5597.03,4510.06571,1977.93429,927.88
2026-08-25T05:19:00.891Z,2026-08-25T15:20:00,SA1,92.921,FIRM,0,0,1869.41,101.00303,1873.78697,106.69
2026-08-25T05:19:00.891Z,2026-08-25T15:20:00,TAS1,88.24,FIRM,0,0,1175.45,1468.3712,51.0188,343.93
2026-08-25T05:19:00.891Z,2026-08-25T15:20:00,VIC1,96.48498,FIRM,0,0,6258.17,4667.00356,1436.99644,-126.65
2026-08-25T05:50:39.739Z,2026-08-25T15:50:00,NSW1,120,FIRM,0,0,9071.57,6598.63857,1417.17143,-1034.93
2026-08-25T05:50:39.739Z,2026-08-25T15:50:00,QLD1,109.71464,FIRM,0,0,6011.13,4747.67635,1848.62365,598.27
2026-08-25T05:50:39.739Z,2026-08-25T15:50:00,SA1,99.59362,FIRM,0,0,1716.07,106.06896,1917.50104,315.97
2026-08-25T05:50:39.739Z,2026-08-25T15:50:00,TAS1,97.82041,FIRM,0,0,1190.19,1560.60918,52.77082,423.19
2026-08-25T05:50:39.739Z,2026-08-25T15:50:00,VIC1,109.0585,FIRM,0,0,6403.31,4767.00167,1376.21833,-208.13
2026-08-25T06:19:45.078Z,2026-08-25T16:20:00,NSW1,131.785,FIRM,0,0,9161.87,7059.95135,1127.46865,-958.26
2026-08-25T06:19:45.078Z,2026-08-25T16:20:00,QLD1,121.12,FIRM,0,0,6428.82,5467.35261,1538.60739,588.21
2026-08-25T06:19:45.078Z,2026-08-25T16:20:00,SA1,105.65695,FIRM,0,0,1593.81,188.87617,1925.96383,541.57
2026-08-25T06:19:45.078Z,2026-08-25T16:20:00,TAS1,108.62428,FIRM,0,0,1217.86,1567.73806,83.40194,433.27
2026-08-25T06:19:45.078Z,2026-08-25T16:20:00,VIC1,121.13452,FIRM,0,0,6355.41,4666.99513,1131.40487,-497.51
2026-08-25T07:12:21.905Z,2026-08-25T17:15:00,NSW1,185.51144,FIRM,0,0,9911.62,8146.02507,707.06493,-1040.53
2026-08-25T07:12:21.905Z,2026-08-25T17:15:00,QLD1,178.80882,FIRM,0,0,7384.65,7070.73267,657.92733,344.85
2026-08-25T07:12:21.905Z,2026-08-25T17:15:00,SA1,139.41765,FIRM,0,0,1706.47,539.9989,1814.0811,675.33
2026-08-25T07:12:21.905Z,2026-08-25T17:15:00,TAS1,146.71464,FIRM,0,0,1274.7,1595.05098,89.11902,409.46
2026-08-25T07:12:21.905Z,2026-08-25T17:15:00,VIC1,163.24,FIRM,0,0,6971.03,5314.16861,1314.29139,-261.32
2026-08-25T07:56:58.102Z,2026-08-25T18:00:00,NSW1,174.59,FIRM,0,0,10431.89,9082.64383,551.12617,-792.03
2026-08-25T07:56:58.102Z,2026-08-25T18:00:00,QLD1,171.4686,FIRM,0,0,7766.34,7509.09784,550.65216,292.4
2026-08-25T07:56:58.102Z,2026-08-25T18:00:00,SA1,104.78,FIRM,0,0,1968.29,685.99913,1762.62087,494.41
2026-08-25T07:56:58.102Z,2026-08-25T18:00:00,TAS1,105.74507,FIRM,0,0,1347.99,1674.00164,71.54836,397.56
2026-08-25T07:56:58.102Z,2026-08-25T18:00:00,VIC1,117.36176,FIRM,0,0,7350.74,5190.99887,1786.56113,-323.77
2026-08-25T08:33:56.602Z,2026-08-25T18:35:00,NSW1,129.02914,FIRM,0,0,10067.75,8543.86494,671.42506,-847.69
2026-08-25T08:33:56.602Z,2026-08-25T18:35:00,QLD1,123.44,FIRM,0,0,7569.82,7354.98525,638.30475,424.97
2026-08-25T08:33:56.602Z,2026-08-25T18:35:00,SA1,101.02,FIRM,0,0,2159.62,619.95085,1607.79915,68.26
2026-08-25T08:33:56.602Z,2026-08-25T18:35:00,TAS1,92.53973,FIRM,0,0,1337.11,1581.66803,131.29197,375.85
2026-08-25T08:33:56.602Z,2026-08-25T18:35:00,VIC1,102.39567,FIRM,0,0,7604.84,4910.80141,2679.04859,13.29
2026-08-25T09:10:33.066Z,2026-08-25T19:10:00,NSW1,108.33988,FIRM,0,0,9877.71,8224.24692,776.14308,-871.81
2026-08-25T09:10:33.066Z,2026-08-25T19:10:00,QLD1,102.8,FIRM,0,0,7397.87,7048.67724,801.08276,454.59
2026-08-25T09:10:33.066Z,2026-08-25T19:10:00,SA1,101.02,FIRM,0,0,2086.09,625.39741,1564.33259,103.77
2026-08-25T09:10:33.066Z,2026-08-25T19:10:00,TAS1,93.37104,FIRM,0,0,1285.8,1481.97878,153.92122,350.09
2026-08-25T09:10:33.066Z,2026-08-25T19:10:00,VIC1,102.62509,FIRM,0,0,7148.29,4891.00249,2228.98751,-2.84
2026-08-25T09:49:27.867Z,2026-08-25T19:50:00,NSW1,106.02655,FIRM,0,0,9527.58,7777.76148,835.46852,-907.19
2026-08-25T09:49:27.867Z,2026-08-25T19:50:00,QLD1,100.38987,FIRM,0,0,7215.86,6700.06734,962.01266,449.26
2026-08-25T09:49:27.867Z,2026-08-25T19:50:00,SA1,94.73784,FIRM,0,0,1971.95,599.00292,1579.28708,208.04
2026-08-25T09:49:27.867Z,2026-08-25T19:50:00,TAS1,89.95171,FIRM,0,0,1260.25,1496.84365,148.11635,384.7
2026-08-25T09:49:27.867Z,2026-08-25T19:50:00,VIC1,99.48,FIRM,0,0,7030.18,4840.16935,2067.10065,-90.44
2026-08-25T10:15:37.338Z,2026-08-25T20:15:00,NSW1,107.67197,FIRM,0,0,9408.58,7509.80866,884.84134,-1003.32
2026-08-25T10:15:37.338Z,2026-08-25T20:15:00,QLD1,99.89,FIRM,0,0,7111.73,6631.25439,1042.28561,569.34
2026-08-25T10:15:37.338Z,2026-08-25T20:15:00,SA1,98.72545,FIRM,0,0,1963.83,599.0019,1488.5081,124.07
2026-08-25T10:15:37.338Z,2026-08-25T20:15:00,TAS1,90.63208,FIRM,0,0,1266.12,1566.20002,107.03998,407.12
2026-08-25T10:15:37.338Z,2026-08-25T20:15:00,VIC1,100.84077,FIRM,0,0,6832.47,4792.00178,1961.77822,-45.53
2026-08-25T10:50:36.250Z,2026-08-25T20:50:00,NSW1,113.4,FIRM,0,0,9173.47,7214.67612,874.86388,-1070.71
2026-08-25T10:50:36.250Z,2026-08-25T20:50:00,QLD1,105.83855,FIRM,0,0,7073.13,6427.28595,1178.15405,538.75
2026-08-25T10:50:36.250Z,2026-08-25T20:50:00,SA1,101.66758,FIRM,0,0,1868.52,741.00471,1256.22529,129.34
2026-08-25T10:50:36.250Z,2026-08-25T20:50:00,TAS1,93.34823,FIRM,0,0,1235.71,1539.73415,128.92585,432.95
2026-08-25T10:50:36.250Z,2026-08-25T20:50:00,VIC1,104.17213,FIRM,0,0,6669.11,4791.99568,1867.07432,31.86
2026-08-25T11:12:51.567Z,2026-08-25T21:15:00,NSW1,111.84665,FIRM,0,0,9025.29,7066.21137,780.57863,-1160.24
2026-08-25T11:12:51.567Z,2026-08-25T21:15:00,QLD1,105.49,FIRM,0,0,6896.57,6203.04735,1164.02265,475.28
2026-08-25T11:12:51.567Z,2026-08-25T21:15:00,SA1,99.80239,FIRM,0,0,1841.95,600.00448,1251.08552,9.12
2026-08-25T11:12:51.567Z,2026-08-25T21:15:00,TAS1,88.8798,FIRM,0,0,1212.36,1513.04639,137.88361,438.57
2026-08-25T11:12:51.567Z,2026-08-25T21:15:00,VIC1,99.48,FIRM,0,0,6493.45,4791.05861,1962.69139,312.84
2026-08-25T11:42:26.088Z,2026-08-25T21:45:00,NSW1,90,FIRM,0,0,8746.64,6886.98555,811.80445,-1030.55
2026-08-25T11:42:26.088Z,2026-08-25T21:45:00,QLD1,87.03575,FIRM,0,0,6844.11,6023.59014,1121.16986,301.21
2026-08-25T11:42:26.088Z,2026-08-25T21:45:00,SA1,81.64476,FIRM,0,0,1869.66,540.99972,1253.67028,-74.44
2026-08-25T11:42:26.088Z,2026-08-25T21:45:00,TAS1,71.97847,FIRM,0,0,1158.99,1394.19593,159.43407,394.64
2026-08-25T11:42:26.088Z,2026-08-25T21:45:00,VIC1,79.76382,FIRM,0,0,6276.43,4631.00181,2072.98819,480.15
2026-08-25T12:02:05.536Z,2026-08-25T22:05:00,NSW1,87.89262,FIRM,0,0,8363.07,6534.02409,835.92591,-978.48
2026-08-25T12:02:05.536Z,2026-08-25T22:05:00,QLD1,84.5,FIRM,0,0,6654.58,5955.35445,1031.22555,333.58
2026-08-25T12:02:05.536Z,2026-08-25T22:05:00,SA1,80.23972,FIRM,0,0,1773.19,541.00459,1163.70541,-68.03
2026-08-25T12:02:05.536Z,2026-08-25T22:05:00,TAS1,71.00639,FIRM,0,0,1130.89,1348.10293,168.67707,385.89
2026-08-25T12:02:05.536Z,2026-08-25T22:05:00,VIC1,78.42,FIRM,0,0,6538.56,4595.99932,2286.28068,389.4
2026-08-25T13:00:00.857Z,2026-08-25T23:00:00,NSW1,75.01,FIRM,0,0,8316.66,6392.81535,894.11465,-1006.12
2026-08-25T13:00:00.857Z,2026-08-25T23:00:00,QLD1,73.36764,FIRM,0,0,6460.6,5776.0495,909.9105,225.88
2026-08-25T13:00:00.857Z,2026-08-25T23:00:00,SA1,85.44,FIRM,0,0,1687.39,565.72995,1010.94005,-110.01
2026-08-25T13:00:00.857Z,2026-08-25T23:00:00,TAS1,35.14,FIRM,0,0,1046.98,1065.65591,214.72409,233.4
2026-08-25T13:00:00.857Z,2026-08-25T23:00:00,VIC1,35.24,FIRM,0,0,5968.22,4431.00135,2218.90865,731.89
2026-08-25T13:51:38.912Z,2026-08-25T23:55:00,NSW1,90,FIRM,0,0,7993.6,6180.89816,603.55184,-1180.06
2026-08-25T13:51:38.912Z,2026-08-25T23:55:00,QLD1,85.63416,FIRM,0,0,6315.69,5872.96428,802.26572,363.21
2026-08-25T13:51:38.912Z,2026-08-25T23:55:00,SA1,101.02,FIRM,0,0,1552.52,619.80508,774.83492,-156.67
2026-08-25T13:51:38.912Z,2026-08-25T23:55:00,TAS1,52.62192,FIRM,0,0,990.41,1195.19744,216.81256,421.61
2026-08-25T13:51:38.912Z,2026-08-25T23:55:00,VIC1,41.22,FIRM,0,0,5994.29,4298.99552,2281.16448,657.34
2026-08-25T14:31:07.431Z,2026-08-26T00:35:00,NSW1,84.79,FIRM,0,0,8021.48,6099.90424,588.84576,-1299.1
2026-08-25T14:31:07.431Z,2026-08-26T00:35:00,QLD1,78.52,FIRM,0,0,5856.62,5487.31458,853.30542,492.78
2026-08-25T14:31:07.431Z,2026-08-26T00:35:00,SA1,105.08,FIRM,0,0,1528.13,725.45472,601.73528,-198.6
2026-08-25T14:31:07.431Z,2026-08-26T00:35:00,TAS1,49.64174,FIRM,0,0,988.83,1170.19512,235.50488,416.87
2026-08-25T14:31:07.431Z,2026-08-26T00:35:00,VIC1,55.12,FIRM,0,0,5599.34,4298.99612,1933.13388,705.46
2026-08-25T15:23:05.072Z,2026-08-26T01:25:00,NSW1,101.11,FIRM,0,0,7596.37,5995.39559,375.55441,-1197.34
2026-08-25T15:23:05.072Z,2026-08-26T01:25:00,QLD1,93.73011,FIRM,0,0,5737.91,5822.34224,391.56776,484.98
2026-08-25T15:23:05.072Z,2026-08-26T01:25:00,SA1,105.08,FIRM,0,0,1512.76,845.51043,443.00957,-221.14
2026-08-25T15:23:05.072Z,2026-08-26T01:25:00,TAS1,79.85462,FIRM,0,0,995.9,1125.17668,264.55332,393.82
2026-08-25T15:23:05.072Z,2026-08-26T01:25:00,VIC1,88.35736,FIRM,0,0,5279.57,4299.00104,1560.39896,641.26
2026-08-25T16:04:48.854Z,2026-08-26T02:05:00,NSW1,113.90717,FIRM,0,0,7457.03,5794.76398,302.16602,-1323.89
2026-08-25T16:04:48.854Z,2026-08-26T02:05:00,QLD1,105.49,FIRM,0,0,5574.76,5801.46242,251.86758,487.79
2026-08-25T16:04:48.854Z,2026-08-26T02:05:00,SA1,130.44,FIRM,0,0,1485.25,915.13752,344.91248,-221.94
2026-08-25T16:04:48.854Z,2026-08-26T02:05:00,TAS1,84.9036,FIRM,0,0,980.91,1107.81705,256.42295,383.33
2026-08-25T16:04:48.854Z,2026-08-26T02:05:00,VIC1,93.61,FIRM,0,0,4933.67,4351.00484,1306.08516,797.37
2026-08-25T16:49:09.410Z,2026-08-26T02:50:00,NSW1,97.63,FIRM,0,0,7340.53,5639.53766,310.02234,-1352.95
2026-08-25T16:49:09.410Z,2026-08-26T02:50:00,QLD1,89.97936,FIRM,0,0,5533.2,5804.66262,238.45738,520.71
2026-08-25T16:49:09.410Z,2026-08-26T02:50:00,SA1,105.08,FIRM,0,0,1420.39,922.11662,271.53338,-223.82
2026-08-25T16:49:09.410Z,2026-08-26T02:50:00,TAS1,70.67746,FIRM,0,0,968.82,1110.68892,274.94108,416.8
2026-08-25T16:49:09.410Z,2026-08-26T02:50:00,VIC1,78.42,FIRM,0,0,5077.61,4370.00357,1398.59643,768.73
2026-08-25T17:18:03.875Z,2026-08-26T03:20:00,NSW1,101.11,FIRM,0,0,7288.46,5674.37927,376.47073,-1203.98
2026-08-25T17:18:03.875Z,2026-08-26T03:20:00,QLD1,95.68266,FIRM,0,0,5649.41,5855.05053,152.85947,363.18
2026-08-25T17:18:03.875Z,2026-08-26T03:20:00,SA1,130.44,FIRM,0,0,1383.89,898.73512,262.75488,-219.79
2026-08-25T17:18:03.875Z,2026-08-26T03:20:00,TAS1,57.68776,FIRM,0,0,993.71,1153.09915,249.99085,409.38
2026-08-25T17:18:03.875Z,2026-08-26T03:20:00,VIC1,64,FIRM,0,0,5071.55,4358.99842,1404.68158,769.62
2026-08-25T17:47:40.561Z,2026-08-26T03:50:00,NSW1,99.67431,FIRM,0,0,7319.55,5674.82238,366.01762,-1242.89
2026-08-25T17:47:40.561Z,2026-08-26T03:50:00,QLD1,93.73009,FIRM,0,0,5654.21,5839.11743,214.76257,405.71
2026-08-25T17:47:40.561Z,2026-08-26T03:50:00,SA1,130.44,FIRM,0,0,1321.93,929.55289,188.85711,-201.79
2026-08-25T17:47:40.561Z,2026-08-26T03:50:00,TAS1,71.14523,FIRM,0,0,1009.63,1155.38414,243.50586,389.26
2026-08-25T17:47:40.561Z,2026-08-26T03:50:00,VIC1,78.42,FIRM,0,0,4929.75,4401.00265,1222.05735,769.9
2026-08-25T18:15:30.568Z,2026-08-26T04:15:00,NSW1,112.78862,FIRM,0,0,7174.1,5746.89705,376.75295,-1029.01
2026-08-25T18:15:30.568Z,2026-08-26T04:15:00,QLD1,105.49004,FIRM,0,0,5728.9,6004.50094,161.76906,444.58
2026-08-25T18:15:30.568Z,2026-08-26T04:15:00,SA1,109.60316,FIRM,0,0,1389.42,825.00271,167.41729,-388.55
2026-08-25T18:15:30.568Z,2026-08-26T04:15:00,TAS1,91.06714,FIRM,0,0,1037.77,1199.47351,215.45649,377.16
2026-08-25T18:15:30.568Z,2026-08-26T04:15:00,VIC1,100.38086,FIRM,0,0,4888.52,4359.0047,1162.4453,688.78
2026-08-25T18:58:08.663Z,2026-08-26T05:00:00,NSW1,119.01,FIRM,0,0,7220.27,5992.69641,450.94359,-761.26
2026-08-25T18:58:08.663Z,2026-08-26T05:00:00,QLD1,116.68315,FIRM,0,0,5979.49,6061.95112,106.84888,189.82
2026-08-25T18:58:08.663Z,2026-08-26T05:00:00,SA1,112.47861,FIRM,0,0,1336.34,851.00173,185.91827,-295.17
2026-08-25T18:58:08.663Z,2026-08-26T05:00:00,TAS1,94.70362,FIRM,0,0,1057.07,1260.1968,234.6032,437.73
2026-08-25T18:58:08.663Z,2026-08-26T05:00:00,VIC1,105.74259,FIRM,0,0,4917.11,4339.00073,1027.12927,505.51
2026-08-25T19:27:54.095Z,2026-08-26T05:30:00,NSW1,119.02,FIRM,0,0,7564.94,6541.88175,447.64825,-568.92
2026-08-25T19:27:54.095Z,2026-08-26T05:30:00,QLD1,115.46704,FIRM,0,0,6030.44,6096.313,169.127,235.88
2026-08-25T19:27:54.095Z,2026-08-26T05:30:00,SA1,116.98252,FIRM,0,0,1359.81,835.99522,219.89478,-299.82
2026-08-25T19:27:54.095Z,2026-08-26T05:30:00,TAS1,100.23253,FIRM,0,0,1103.12,1247.45568,220.84432,365.18
2026-08-25T19:27:54.095Z,2026-08-26T05:30:00,VIC1,110.19106,FIRM,0,0,5206.41,4338.99873,1146.56127,313
2026-08-25T19:54:57.495Z,2026-08-26T05:55:00,NSW1,104.07849,FIRM,0,0,7672.6,6801.17729,421.77271,-445.69
2026-08-25T19:54:57.495Z,2026-08-26T05:55:00,QLD1,102.8,FIRM,0,0,6217.75,6133.70175,246.04825,161.82
2026-08-25T19:54:57.495Z,2026-08-26T05:55:00,SA1,104.66,FIRM,0,0,1428.6,881.60932,204.26068,-337.27
2026-08-25T19:54:57.495Z,2026-08-26T05:55:00,TAS1,87.99908,FIRM,0,0,1112.17,1307.16173,200.38827,395.38
2026-08-25T19:54:57.495Z,2026-08-26T05:55:00,VIC1,97.40087,FIRM,0,0,5470.74,4539.99883,1165.74117,270.23
2026-08-25T20:14:35.216Z,2026-08-26T06:15:00,NSW1,113.5,FIRM,0,0,8025.6,7241.07891,384.07109,-398.51
2026-08-25T20:14:35.216Z,2026-08-26T06:15:00,QLD1,109.20704,FIRM,0,0,6413.34,6457.23097,267.26903,312.78
2026-08-25T20:14:35.216Z,2026-08-26T06:15:00,SA1,115.8718,FIRM,0,0,1448.38,982.99799,216.90201,-246.27
2026-08-25T20:14:35.216Z,2026-08-26T06:15:00,TAS1,101.26082,FIRM,0,0,1159.93,1330.55045,170.02955,340.65
2026-08-25T20:14:35.216Z,2026-08-26T06:15:00,VIC1,110.727,FIRM,0,0,5825.26,4702.00397,1120.37603,18.56
2026-08-25T20:46:09.784Z,2026-08-26T06:45:00,NSW1,119.02,FIRM,0,0,8492.12,7711.97285,375.73715,-401.59
2026-08-25T20:46:09.784Z,2026-08-26T06:45:00,QLD1,112.67552,FIRM,0,0,6724.74,6811.97738,324.08262,414.86
2026-08-25T20:46:09.784Z,2026-08-26T06:45:00,SA1,128.52579,FIRM,0,0,1584.84,1026.99877,175.42123,-375.74
2026-08-25T20:46:09.784Z,2026-08-26T06:45:00,TAS1,106.9173,FIRM,0,0,1248.6,1489.09533,165.31467,405.82
2026-08-25T20:46:09.784Z,2026-08-26T06:45:00,VIC1,118.86769,FIRM,0,0,6395.38,5345.99525,1019.07475,0.57
2026-08-25T21:04:55.843Z,2026-08-26T07:05:00,NSW1,116.3549,FIRM,0,0,8692.53,7867.27834,480.33166,-337.81
2026-08-25T21:04:55.843Z,2026-08-26T07:05:00,QLD1,107.9836,FIRM,0,0,6628.01,6571.80651,580.22349,531.75
2026-08-25T21:04:55.843Z,2026-08-26T07:05:00,SA1,130.44,FIRM,0,0,1661.14,1080.76812,172.37188,-399.93
2026-08-25T21:04:55.843Z,2026-08-26T07:05:00,TAS1,106.82906,FIRM,0,0,1266.98,1527.20295,177.48705,437.7
2026-08-25T21:04:55.843Z,2026-08-26T07:05:00,VIC1,119.58,FIRM,0,0,6677.06,5403.90508,1064.35492,-171.48
2026-08-25T21:37:31.381Z,2026-08-26T07:40:00,NSW1,90.49,FIRM,0,0,8661.78,7321.16069,1239.52931,-89.45
2026-08-25T21:37:31.381Z,2026-08-26T07:40:00,QLD1,84.4273,FIRM,0,0,6531.23,5956.64888,1070.85112,503.18
2026-08-25T21:37:31.381Z,2026-08-26T07:40:00,SA1,130.44,FIRM,0,0,1799.76,1170.16613,161.90387,-455.54
2026-08-25T21:37:31.381Z,2026-08-26T07:40:00,TAS1,87.84172,FIRM,0,0,1304.7,1541.12275,182.14725,418.57
2026-08-25T21:37:31.381Z,2026-08-26T07:40:00,VIC1,97.74088,FIRM,0,0,6942.49,5275.99571,1320.42429,-297.83
2026-08-25T21:56:59.502Z,2026-08-26T08:00:00,NSW1,80.2238,FIRM,0,0,8553.89,6707.10859,1419.29141,-401.59
2026-08-25T21:56:59.502Z,2026-08-26T08:00:00,QLD1,70.48775,FIRM,0,0,6345.82,5546.33082,1609.66918,835.45
2026-08-25T21:56:59.502Z,2026-08-26T08:00:00,SA1,96.52144,FIRM,0,0,1800.16,1129.99643,199.28357,-457.84
2026-08-25T21:56:59.502Z,2026-08-26T08:00:00,TAS1,77.1528,FIRM,0,0,1309.72,1536.92594,229.73406,456.95
2026-08-25T21:56:59.502Z,2026-08-26T08:00:00,VIC1,86.67,FIRM,0,0,6780.75,4960.09473,1451.89527,-316.28
2026-08-25T22:19:08.360Z,2026-08-26T08:20:00,NSW1,54.58719,FIRM,0,0,8191.58,5952.60814,2014.85186,-222.13
2026-08-25T22:19:08.360Z,2026-08-26T08:20:00,QLD1,52.44385,FIRM,0,0,6360.35,4800.72152,1871.11848,313.38
2026-08-25T22:19:08.360Z,2026-08-26T08:20:00,SA1,84.51,FIRM,0,0,1791.84,1073.19642,266.89358,-439.1
2026-08-25T22:19:08.360Z,2026-08-26T08:20:00,TAS1,49.90526,FIRM,0,0,1272.9,1520.59626,173.06374,420.77
2026-08-25T22:19:08.360Z,2026-08-26T08:20:00,VIC1,55.67,FIRM,0,0,6515.84,4766.75636,1692.69364,-17.35
2026-08-25T22:48:45.856Z,2026-08-26T08:50:00,NSW1,65.51,FIRM,0,0,7884.3,5344.0119,2243.5781,-294.36
2026-08-25T22:48:45.856Z,2026-08-26T08:50:00,QLD1,66.38282,FIRM,0,0,6473.96,4628.57934,1878.79066,33.1
2026-08-25T22:48:45.856Z,2026-08-26T08:50:00,SA1,130.44,FIRM,0,0,1556.47,977.59776,368.58224,-208.36
2026-08-25T22:48:45.856Z,2026-08-26T08:50:00,TAS1,58.49787,FIRM,0,0,1187.18,1241.69472,164.18528,218.7
2026-08-25T22:48:45.856Z,2026-08-26T08:50:00,VIC1,62.41419,FIRM,0,0,6192.43,4493.99833,1953.30167,270.31
2026-08-25T23:10:36.581Z,2026-08-26T09:15:00,NSW1,83.99017,FIRM,0,0,7975.39,5202.26139,2296.09861,-473.67
2026-08-25T23:10:36.581Z,2026-08-26T09:15:00,QLD1,80.21897,FIRM,0,0,6361.07,4505.71388,2214.09612,361.64
2026-08-25T23:10:36.581Z,2026-08-26T09:15:00,SA1,130.44,FIRM,0,0,1373.45,784.43056,469.34944,-119.73
2026-08-25T23:10:36.581Z,2026-08-26T09:15:00,TAS1,45.22,FIRM,0,0,1157.84,1023.95434,212.90566,79.01
2026-08-25T23:10:36.581Z,2026-08-26T09:15:00,VIC1,45.84058,FIRM,0,0,6115.29,4290.99767,1983.24233,162.88
2026-08-25T23:35:17.132Z,2026-08-26T09:35:00,NSW1,66.53,FIRM,0,0,8046.86,4968.98349,2675.87651,-399.34
2026-08-25T23:35:17.132Z,2026-08-26T09:35:00,QLD1,64.69,FIRM,0,0,6422.85,4384.18091,2268.66909,230.57
2026-08-25T23:35:17.132Z,2026-08-26T09:35:00,SA1,130.44,FIRM,0,0,1295.3,651.30484,429.86516,-213.4
2026-08-25T23:35:17.132Z,2026-08-26T09:35:00,TAS1,88.24,FIRM,0,0,1129.03,971.46433,157.56567,0
2026-08-25T23:35:17.132Z,2026-08-26T09:35:00,VIC1,20.68,FIRM,0,0,5891.05,4291.00454,1986.17546,390.58
2026-08-25T23:53:36.687Z,2026-08-26T09:55:00,NSW1,70.21915,FIRM,0,0,7926.71,4870.08172,2900.79828,-156
2026-08-25T23:53:36.687Z,2026-08-26T09:55:00,QLD1,69.77,FIRM,0,0,6609.81,4428.9865,2317.5335,136.22
2026-08-25T23:53:36.687Z,2026-08-26T09:55:00,SA1,85.44,FIRM,0,0,1202.72,484.32043,493.30957,-224.7
2026-08-25T23:53:36.687Z,2026-08-26T09:55:00,TAS1,32.06,FIRM,0,0,1095.15,595.24167,161.53833,-338.37
2026-08-25T23:53:36.687Z,2026-08-26T09:55:00,VIC1,30.6411,FIRM,0,0,5653.1,4291.00112,1944.67888,587.52
2026-08-26T00:26:23.994Z,2026-08-26T10:30:00,NSW1,73.2,FIRM,0,0,8002.96,4780.04271,3178.85729,-45.19
2026-08-26T00:26:23.994Z,2026-08-26T10:30:00,QLD1,72.70873,FIRM,0,0,6957.61,4425.17669,2661.84331,128.91
2026-08-26T00:26:23.994Z,2026-08-26T10:30:00,SA1,69.73,FIRM,0,0,1223.55,346.99851,517.37149,-356.47
2026-08-26T00:26:23.994Z,2026-08-26T10:30:00,TAS1,42.46394,FIRM,0,0,1079.48,659.0008,153.3692,-267.11
2026-08-26T00:26:23.994Z,2026-08-26T10:30:00,VIC1,41.22,FIRM,0,0,5685.5,4232.5335,1993.9065,543.82
2026-08-26T02:07:16.005Z,2026-08-26T12:10:00,NSW1,99.01,FIRM,0,0,8637.46,4402.59652,3377.30348,-831.44
2026-08-26T02:07:16.005Z,2026-08-26T12:10:00,QLD1,78.52,FIRM,0,0,6481.51,4701.8541,2655.2259,908.85
2026-08-26T02:07:16.005Z,2026-08-26T12:10:00,SA1,118.65,FIRM,0,0,1159.01,289.00186,425.43814,-438.26
2026-08-26T02:07:16.005Z,2026-08-26T12:10:00,TAS1,60.2869,FIRM,0,0,991.85,555.19838,165.58162,-271.06
2026-08-26T02:07:16.005Z,2026-08-26T12:10:00,VIC1,58.31,FIRM,0,0,5334.7,4146.00034,1886.31966,705.09
2026-08-26T03:15:17.684Z,2026-08-26T13:15:00,NSW1,88.9,FIRM,0,0,8276.26,4536.05394,3096.44606,-623.37
2026-08-26T03:15:17.684Z,2026-08-26T13:15:00,QLD1,43.01,FIRM,0,0,6833.75,4408.07322,3129.55678,730.65
2026-08-26T03:15:17.684Z,2026-08-26T13:15:00,SA1,190.47,FIRM,0,0,1276.28,379.64962,438.71038,-450.45
2026-08-26T03:15:17.684Z,2026-08-26T13:15:00,TAS1,70.86408,FIRM,0,0,953.62,660.09549,183.23451,-110.29
2026-08-26T03:15:17.684Z,2026-08-26T13:15:00,VIC1,71.42,FIRM,0,0,5114.41,3816.00131,1806.48869,513.09
2026-08-26T04:04:08.935Z,2026-08-26T14:05:00,NSW1,73.29,FIRM,0,0,8459.12,4635.023,3275.387,-524.86
2026-08-26T04:04:08.935Z,2026-08-26T14:05:00,QLD1,22.85,FIRM,0,0,6393.06,3716.57411,3384.57589,739.88
2026-08-26T04:04:08.935Z,2026-08-26T14:05:00,SA1,227.35,FIRM,0,0,1309.87,435.50119,470.50881,-399.26
2026-08-26T04:04:08.935Z,2026-08-26T14:05:00,TAS1,47.74666,FIRM,0,0,963.96,744.09783,153.98217,-65.88
2026-08-26T04:04:08.935Z,2026-08-26T14:05:00,VIC1,52.35,FIRM,0,0,5490.14,4014.99979,1785.51021,311.34
2026-08-26T04:50:08.094Z,2026-08-26T14:50:00,NSW1,31.46367,FIRM,0,0,8753.38,4334.37187,3668.27813,-709.38
2026-08-26T04:50:08.094Z,2026-08-26T14:50:00,QLD1,-3.51,FIRM,0,0,6168.41,3847.45933,3123.75067,853.43
2026-08-26T04:50:08.094Z,2026-08-26T14:50:00,SA1,227.35,FIRM,0,0,1403.98,508.00434,416.67566,-471.3
2026-08-26T04:50:08.094Z,2026-08-26T14:50:00,TAS1,32.04,FIRM,0,0,968.4,499.12013,143.15987,-326.12
2026-08-26T04:50:08.094Z,2026-08-26T14:50:00,VIC1,30.68884,FIRM,0,0,5324.63,4225.00274,1852.99726,764.03
2026-08-26T05:19:04.348Z,2026-08-26T15:20:00,NSW1,10.85823,FIRM,0,0,9053.97,4469.29172,3520.88828,-1001.99
2026-08-26T05:19:04.348Z,2026-08-26T15:20:00,QLD1,0.52267,FIRM,0,0,6214.27,3970.56838,3350.65162,1184.07
2026-08-26T05:19:04.348Z,2026-08-26T15:20:00,SA1,230.71,FIRM,0,0,1332.35,483.00183,360.57817,-480.7
2026-08-26T05:19:04.348Z,2026-08-26T15:20:00,TAS1,10.82083,FIRM,0,0,867.97,464.80187,139.84813,-263.32
2026-08-26T05:19:04.348Z,2026-08-26T15:20:00,VIC1,10.50045,FIRM,0,0,4895.1,3708.11024,1895.90976,717.29
2026-08-26T05:53:28.925Z,2026-08-26T15:55:00,NSW1,40.34017,FIRM,0,0,8772.02,4530.93247,3188.44753,-1018.32
2026-08-26T05:53:28.925Z,2026-08-26T15:55:00,QLD1,24.99,FIRM,0,0,6263.41,3955.13081,3290.91919,1025.1
2026-08-26T05:53:28.925Z,2026-08-26T15:55:00,SA1,170.12,FIRM,0,0,1462.99,620.64341,295.13659,-534.67
2026-08-26T05:53:28.925Z,2026-08-26T15:55:00,TAS1,32.14,FIRM,0,0,743.68,632.87011,110.80989,0
2026-08-26T05:53:28.925Z,2026-08-26T15:55:00,VIC1,38.6681,FIRM,0,0,4966.69,3918.55956,1665.33044,630.86
2026-08-26T06:22:35.498Z,2026-08-26T16:25:00,NSW1,68.02,FIRM,0,0,8610.05,5559.8021,2631.4479,-414.14
2026-08-26T06:22:35.498Z,2026-08-26T16:25:00,QLD1,63.73,FIRM,0,0,6513.18,4566.9765,2422.2035,482.24
2026-08-26T06:22:35.498Z,2026-08-26T16:25:00,SA1,104.05,FIRM,0,0,1557.23,645.99755,269.16245,-621.85
2026-08-26T06:22:35.498Z,2026-08-26T16:25:00,TAS1,61.71199,FIRM,0,0,855.03,1124.79762,68.96238,338.73
2026-08-26T06:22:35.498Z,2026-08-26T16:25:00,VIC1,67.49934,FIRM,0,0,5521.09,4250.12124,1517.09876,283.16
2026-08-26T07:14:00.118Z,2026-08-26T17:15:00,NSW1,115.84561,FIRM,0,0,9030.85,7482.73018,1044.01982,-492.75
2026-08-26T07:14:00.118Z,2026-08-26T17:15:00,QLD1,104.8301,FIRM,0,0,7178.79,6595.39336,1272.48664,702.5
2026-08-26T07:14:00.118Z,2026-08-26T17:15:00,SA1,128.2866,FIRM,0,0,1651.93,1119.00191,148.34809,-377.57
2026-08-26T07:14:00.118Z,2026-08-26T17:15:00,TAS1,107.2359,FIRM,0,0,1182.58,1517.27751,52.80249,387.5
2026-08-26T07:14:00.118Z,2026-08-26T17:15:00,VIC1,118.5,FIRM,0,0,6443.63,5067.56244,1188.14756,-157.19
2026-08-26T07:59:10.556Z,2026-08-26T18:00:00,NSW1,121.38909,FIRM,0,0,9746.22,8438.75686,596.14314,-693.11
2026-08-26T07:59:10.556Z,2026-08-26T18:00:00,QLD1,107.73,FIRM,0,0,7658.34,7621.10714,899.09286,883.32
2026-08-26T07:59:10.556Z,2026-08-26T18:00:00,SA1,137.50292,FIRM,0,0,1875.91,1461.00469,17.11531,-388.99
2026-08-26T07:59:10.556Z,2026-08-26T18:00:00,TAS1,113.6757,FIRM,0,0,1301.74,1613.30048,67.83952,379.4
2026-08-26T07:59:10.556Z,2026-08-26T18:00:00,VIC1,125.73432,FIRM,0,0,7190.54,6242.00358,816.39642,-99.41
2026-08-26T08:41:47.684Z,2026-08-26T18:45:00,NSW1,113.4,FIRM,0,0,9598.33,8222.67013,646.44987,-716.02
2026-08-26T08:41:47.684Z,2026-08-26T18:45:00,QLD1,101.79559,FIRM,0,0,7521.66,7253.32153,1038.51847,786.39
2026-08-26T08:41:47.684Z,2026-08-26T18:45:00,SA1,153.7013,FIRM,0,0,2034.8,1610.001,10.329,-403.38
2026-08-26T08:41:47.684Z,2026-08-26T18:45:00,TAS1,124.38553,FIRM,0,0,1316.76,1668.80147,75.89853,427.94
2026-08-26T08:41:47.684Z,2026-08-26T18:45:00,VIC1,139,FIRM,0,0,7567.46,6838.28514,674.72486,-15.75
2026-08-26T09:24:06.780Z,2026-08-26T19:25:00,NSW1,113.4,FIRM,0,0,9484.97,8114.49005,668.33995,-690.87
2026-08-26T09:24:06.780Z,2026-08-26T19:25:00,QLD1,102.91725,FIRM,0,0,7394.86,7070.08052,1044.77948,733.99
2026-08-26T09:24:06.780Z,2026-08-26T19:25:00,SA1,162.34,FIRM,0,0,2071.59,1590.36637,22.50363,-444.33
2026-08-26T09:24:06.780Z,2026-08-26T19:25:00,TAS1,117.45079,FIRM,0,0,1321.62,1679.70283,50.36717,408.45
2026-08-26T09:24:06.780Z,2026-08-26T19:25:00,VIC1,130.7916,FIRM,0,0,7413.1,6904.00423,541.49577,71.82
2026-08-26T10:02:27.520Z,2026-08-26T20:05:00,NSW1,113.4,FIRM,0,0,9203.94,7696.92505,661.39495,-826.18
2026-08-26T10:02:27.520Z,2026-08-26T20:05:00,QLD1,99.89,FIRM,0,0,7205.99,7080.42254,991.56746,890.26
2026-08-26T10:02:27.520Z,2026-08-26T20:05:00,SA1,130,FIRM,0,0,2022.87,1667.46332,57.87668,-291.1
2026-08-26T10:02:27.520Z,2026-08-26T20:05:00,TAS1,118.47636,FIRM,0,0,1307.95,1673.79951,69.63049,435.48
2026-08-26T10:02:27.520Z,2026-08-26T20:05:00,VIC1,132.77,FIRM,0,0,7314.98,6794.84676,361.80324,-123.77
2026-08-26T10:42:21.560Z,2026-08-26T20:45:00,NSW1,124.34466,FIRM,0,0,9166.73,7738.99226,532.88774,-873.66
2026-08-26T10:42:21.560Z,2026-08-26T20:45:00,QLD1,108.97246,FIRM,0,0,7139.3,7010.80839,1021.82161,920.05
2026-08-26T10:42:21.560Z,2026-08-26T20:45:00,SA1,130,FIRM,0,0,1976.97,1780.49352,119.54648,-76.29
2026-08-26T10:42:21.560Z,2026-08-26T20:45:00,TAS1,114.2956,FIRM,0,0,1297.81,1679.69665,15.53335,397.42
2026-08-26T10:42:21.560Z,2026-08-26T20:45:00,VIC1,126.81232,FIRM,0,0,7095.6,6514.99842,261.61158,-294.33
2026-08-26T11:06:04.415Z,2026-08-26T21:10:00,NSW1,130.01,FIRM,0,0,8889.56,7453.50523,542.19477,-874.1
2026-08-26T11:06:04.415Z,2026-08-26T21:10:00,QLD1,113.87775,FIRM,0,0,7086.45,6929.13013,1024.36987,892.06
2026-08-26T11:06:04.415Z,2026-08-26T21:10:00,SA1,135.5691,FIRM,0,0,1934.01,1655.00492,175.87508,-102.14
2026-08-26T11:06:04.415Z,2026-08-26T21:10:00,TAS1,117.94928,FIRM,0,0,1288.12,1687.79701,13.08299,412.76
2026-08-26T11:06:04.415Z,2026-08-26T21:10:00,VIC1,131.23571,FIRM,0,0,6888.85,6420.99899,185.02101,-256.58
2026-08-26T11:38:49.470Z,2026-08-26T21:40:00,NSW1,130.01,FIRM,0,0,8757.63,7634.27896,442.95104,-673.53
2026-08-26T11:38:49.470Z,2026-08-26T21:40:00,QLD1,120.40291,FIRM,0,0,7011.55,6594.36434,998.55566,590.04
2026-08-26T11:38:49.470Z,2026-08-26T21:40:00,SA1,132.78464,FIRM,0,0,1843.93,1501.85554,221.56446,-119.44
2026-08-26T11:38:49.470Z,2026-08-26T21:40:00,TAS1,70.24,FIRM,0,0,1138.15,1582.19705,14.95295,459
2026-08-26T11:38:49.470Z,2026-08-26T21:40:00,VIC1,128.50279,FIRM,0,0,6707.96,6334.00362,134.49638,-208.06
2026-08-26T12:00:51.582Z,2026-08-26T22:05:00,NSW1,121.1,FIRM,0,0,8333.15,7390.5893,373.6407,-561.65
2026-08-26T12:00:51.582Z,2026-08-26T22:05:00,QLD1,111.82602,FIRM,0,0,6701.44,6335.66567,932.36433,575.72
2026-08-26T12:00:51.582Z,2026-08-26T22:05:00,SA1,130.44,FIRM,0,0,1789.23,1462.40404,228.01596,-98.03
2026-08-26T12:00:51.582Z,2026-08-26T22:05:00,TAS1,115.82202,FIRM,0,0,1207.92,1552.80319,10.01681,354.9
2026-08-26T12:00:51.582Z,2026-08-26T22:05:00,VIC1,127.16341,FIRM,0,0,6432.67,6085.00238,93.90762,-233.3
2026-08-26T12:58:27.757Z,2026-08-26T23:00:00,NSW1,134.18862,FIRM,0,0,8136.07,6862.28148,288.12852,-968.11
2026-08-26T12:58:27.757Z,2026-08-26T23:00:00,QLD1,120.22512,FIRM,0,0,6372.62,6337.32578,759.63422,743.38
2026-08-26T12:58:27.757Z,2026-08-26T23:00:00,SA1,130.44,FIRM,0,0,1632.84,1274.90134,258.36866,-99.1
2026-08-26T12:58:27.757Z,2026-08-26T23:00:00,TAS1,114.7777,FIRM,0,0,1152.48,1559.79866,13.04134,420.36
2026-08-26T12:58:27.757Z,2026-08-26T23:00:00,VIC1,127.97091,FIRM,0,0,6046.36,5895.00088,91.88912,-29.05
2026-08-26T13:52:32.158Z,2026-08-26T23:55:00,NSW1,125.70123,FIRM,0,0,7912.48,6629.23584,176.32416,-1082.56
2026-08-26T13:52:32.158Z,2026-08-26T23:55:00,QLD1,110.27832,FIRM,0,0,6185.57,6084.27321,918.88679,844.07
2026-08-26T13:52:32.158Z,2026-08-26T23:55:00,SA1,120.54428,FIRM,0,0,1557.26,1183.99757,271.69243,-101.19
2026-08-26T13:52:32.158Z,2026-08-26T23:55:00,TAS1,106.30408,FIRM,0,0,1100.25,1519.59676,4.97324,424.33
2026-08-26T13:52:32.158Z,2026-08-26T23:55:00,VIC1,118.5,FIRM,0,0,5851.07,5712.32862,105.32138,-1.23
2026-08-26T14:31:04.682Z,2026-08-27T00:30:00,NSW1,123.67162,FIRM,0,0,7899.89,6528.85406,189.53594,-1148.74
2026-08-26T14:31:04.682Z,2026-08-27T00:30:00,QLD1,105.43174,FIRM,0,0,5921.21,5945.15127,921.46873,983.76
2026-08-26T14:31:04.682Z,2026-08-27T00:30:00,SA1,122.6336,FIRM,0,0,1573.54,1183.99714,236.40286,-151.98
2026-08-26T14:31:04.682Z,2026-08-27T00:30:00,TAS1,106.3117,FIRM,0,0,1086.23,1505.8,11.4,430.97
2026-08-26T14:31:04.682Z,2026-08-27T00:30:00,VIC1,118.5,FIRM,0,0,5796.83,5670.09652,84.99348,-9.92
2026-08-26T16:01:15.300Z,2026-08-27T02:05:00,NSW1,134.8599,FIRM,0,0,7289.58,5991.2328,172.7572,-1093.66
2026-08-26T16:01:15.300Z,2026-08-27T02:05:00,QLD1,115.39141,FIRM,0,0,5732.56,5855.16573,799.30427,959.56
2026-08-26T16:01:15.300Z,2026-08-27T02:05:00,SA1,142.20558,FIRM,0,0,1537.3,854.00072,257.18928,-415.63
2026-08-26T16:01:15.300Z,2026-08-27T02:05:00,TAS1,116.03989,FIRM,0,0,1074.31,1477.8,15.5,418.99
2026-08-26T16:01:15.300Z,2026-08-27T02:05:00,VIC1,128.81691,FIRM,0,0,5404.58,5541.9982,73.3818,249.55
2026-08-26T16:51:10.278Z,2026-08-27T02:55:00,NSW1,124.35,FIRM,0,0,7152.02,5855.03868,177.04132,-1077.87
2026-08-26T16:51:10.278Z,2026-08-27T02:55:00,QLD1,103.71003,FIRM,0,0,5688.43,5778.0597,988.3903,1130.64
2026-08-26T16:51:10.278Z,2026-08-27T02:55:00,SA1,135.87785,FIRM,0,0,1452.19,711.99912,270.58088,-457.32
2026-08-26T16:51:10.278Z,2026-08-27T02:55:00,TAS1,110.25021,FIRM,0,0,1080.09,1481.69656,13.61344,415.23
2026-08-26T16:51:10.278Z,2026-08-27T02:55:00,VIC1,122.36185,FIRM,0,0,5480.25,5514.99768,61.55232,133.29
2026-08-26T18:28:36.552Z,2026-08-27T04:30:00,NSW1,135.95808,FIRM,0,0,7203.99,6069.27354,147.21646,-954.49
2026-08-26T18:28:36.552Z,2026-08-27T04:30:00,QLD1,115.11345,FIRM,0,0,5861.88,5860.0168,979.2232,1018.87
2026-08-26T18:28:36.552Z,2026-08-27T04:30:00,SA1,145.12,FIRM,0,0,1398.87,716.64643,291.22357,-383.35
2026-08-26T18:28:36.552Z,2026-08-27T04:30:00,TAS1,120.23664,FIRM,0,0,1106.86,1501.59898,13.57102,408.31
2026-08-26T18:28:36.552Z,2026-08-27T04:30:00,VIC1,133.45,FIRM,0,0,5570.6,5503.00261,60.42739,24.38
2026-08-26T20:29:32.731Z,2026-08-27T06:30:00,NSW1,299.99,FIRM,0,0,8356.79,7706.6425,71.4775,-575.23
2026-08-26T20:29:32.731Z,2026-08-27T06:30:00,QLD1,289.68698,FIRM,0,0,6694.34,6286.24518,727.28482,320.35
2026-08-26T20:29:32.731Z,2026-08-27T06:30:00,SA1,228.97047,FIRM,0,0,1555.83,1126.01879,482.87121,53.62
2026-08-26T20:29:32.731Z,2026-08-27T06:30:00,TAS1,258.63798,FIRM,0,0,1305.48,1679.79613,14.36387,388.68
2026-08-26T20:29:32.731Z,2026-08-27T06:30:00,VIC1,285.8011,FIRM,0,0,6629.26,6356.9959,90.0041,-154.54
2026-08-26T23:56:57.991Z,2026-08-27T10:00:00,NSW1,66.53,FIRM,0,0,7638.89,3796.50887,3201.56113,-598.15
2026-08-26T23:56:57.991Z,2026-08-27T10:00:00,QLD1,0.01,FIRM,0,0,5450.57,3339.73031,2875.89969,817.94
2026-08-26T23:56:57.991Z,2026-08-27T10:00:00,SA1,25.57574,FIRM,0,0,957.03,160.00406,796.09594,-0.95
2026-08-26T23:56:57.991Z,2026-08-27T10:00:00,TAS1,27.13,FIRM,0,0,1053.09,835.76462,8.54538,-208.78
2026-08-26T23:56:57.991Z,2026-08-27T10:00:00,VIC1,26.61046,FIRM,0,0,5703.67,4271.99749,1517.14251,83.51
2026-08-27T06:32:48.706Z,2026-08-27T16:35:00,NSW1,82.88667,FIRM,0,0,8248.91,5294.12119,2620.80881,-331.94
2026-08-27T06:32:48.706Z,2026-08-27T16:35:00,QLD1,78.51,FIRM,0,0,6694.4,4900.7752,2227.3448,437.82
2026-08-27T06:32:48.706Z,2026-08-27T16:35:00,SA1,78.00792,FIRM,0,0,985.41,401.80691,552.30309,-31.94
2026-08-27T06:32:48.706Z,2026-08-27T16:35:00,TAS1,43.18,FIRM,0,0,1093.34,1037.58604,180.75396,125
2026-08-27T06:32:48.706Z,2026-08-27T16:35:00,VIC1,81.06447,FIRM,0,0,5653.7,4100.49731,1359.76269,-192.1
2026-08-27T17:52:11.593Z,2026-08-28T03:55:00,NSW1,90,FIRM,0,0,7619.41,6282.45058,312.26942,-1003.94
2026-08-27T17:52:11.593Z,2026-08-28T03:55:00,QLD1,83.06554,FIRM,0,0,5926.29,5714.38559,710.43441,508.41
2026-08-27T17:52:11.593Z,2026-08-28T03:55:00,SA1,154.54001,FIRM,0,0,1316.35,548.11139,213.21861,-539.26
2026-08-27T17:52:11.593Z,2026-08-28T03:55:00,TAS1,71.99589,FIRM,0,0,968.38,1137.89623,274.74377,444.26
2026-08-27T17:52:11.593Z,2026-08-28T03:55:00,VIC1,80.40249,FIRM,0,0,5425.31,4557.99714,1504.22286,701.62
2026-08-28T01:47:27.481Z,2026-08-28T11:50:00,NSW1,28.95,FIRM,0,0,6879.05,2991.99587,3752.74413,-94.93
2026-08-28T01:47:27.481Z,2026-08-28T11:50:00,QLD1,0,FIRM,0,0,5273.92,3349.54595,2607.39405,728.81
2026-08-28T01:47:27.481Z,2026-08-28T11:50:00,SA1,29.59424,FIRM,0,0,875.53,179.99757,507.95243,-192.63
2026-08-28T01:47:27.481Z,2026-08-28T11:50:00,TAS1,31.32811,FIRM,0,0,893.72,428.89523,206.44477,-258.37
2026-08-28T01:47:27.481Z,2026-08-28T11:50:00,VIC1,30.48068,FIRM,0,0,6500.12,4233.00173,2164.35827,-104.89
2026-08-28T13:23:13.387Z,2026-08-28T23:25:00,NSW1,112.83589,FIRM,0,0,8117.24,7398.0924,108.8176,-576.43
2026-08-28T13:23:13.387Z,2026-08-28T23:25:00,QLD1,96.459,FIRM,0,0,6131.81,6351.47965,752.98035,1012
2026-08-28T13:23:13.387Z,2026-08-28T23:25:00,SA1,101.04,FIRM,0,0,1466.24,991.77469,521.49531,47.52
2026-08-28T13:23:13.387Z,2026-08-28T23:25:00,TAS1,105.51092,FIRM,0,0,990.62,1213.90421,234.50579,457.78
2026-08-28T13:23:13.387Z,2026-08-28T23:25:00,VIC1,118.5,FIRM,0,0,6138.36,4991.63077,279.60923,-832.13
2026-08-28T23:05:28.846Z,2026-08-29T09:05:00,NSW1,14.2,FIRM,0,0,7316.33,3114.8356,3474.2544,-693.62
2026-08-28T23:05:28.846Z,2026-08-29T09:05:00,QLD1,2.04,FIRM,0,0,5715.03,3123.49524,3317.34476,766.99
2026-08-28T23:05:28.846Z,2026-08-29T09:05:00,SA1,13.37083,FIRM,0,0,967.38,247.00181,716.01819,-4.44
2026-08-28T23:05:28.846Z,2026-08-29T09:05:00,TAS1,14.15486,FIRM,0,0,944.64,449.90383,273.59617,-221.14
2026-08-28T23:05:28.846Z,2026-08-29T09:05:00,VIC1,13.83834,FIRM,0,0,5627.01,4078.34765,1775.60235,227.02
2026-08-29T04:06:52.992Z,2026-08-29T14:10:00,NSW1,41.88,FIRM,0,0,6758.31,3029.44439,3240.65561,-448.28
2026-08-29T04:06:52.992Z,2026-08-29T14:10:00,QLD1,-5,FIRM,0,0,4732.03,3121.11576,2431.90424,878.38
2026-08-29T04:06:52.992Z,2026-08-29T14:10:00,SA1,-13.78124,FIRM,0,0,620.3,82.99833,437.91167,-102.43
2026-08-29T04:06:52.992Z,2026-08-29T14:10:00,TAS1,-15.01,FIRM,0,0,819.95,281.89836,252.94164,-285.11
2026-08-29T04:06:52.992Z,2026-08-29T14:10:00,VIC1,-14.48839,FIRM,0,0,3725.47,2752.99526,1024.17474,39.15
2026-08-29T11:00:07.407Z,2026-08-29T21:00:00,NSW1,82.93513,FIRM,0,0,8483.59,7285.0463,515.9037,-649.32
2026-08-29T11:00:07.407Z,2026-08-29T21:00:00,QLD1,70.93,FIRM,0,0,6687.13,6145.42089,1548.24911,1045.29
2026-08-29T11:00:07.407Z,2026-08-29T21:00:00,SA1,91.1422,FIRM,0,0,1547.64,677.99766,611.53234,-255.76
2026-08-29T11:00:07.407Z,2026-08-29T21:00:00,TAS1,78.2942,FIRM,0,0,1051.83,1143.00498,312.97502,404.15
2026-08-29T11:00:07.407Z,2026-08-29T21:00:00,VIC1,86.81563,FIRM,0,0,6386.92,5092.99517,823.97483,-438.85
2026-08-29T15:31:31.664Z,2026-08-30T01:35:00,NSW1,79.04237,FIRM,0,0,7439.76,5481.89064,454.91936,-1442.49
2026-08-29T15:31:31.664Z,2026-08-30T01:35:00,QLD1,63.73,FIRM,0,0,5528.6,5060.88007,1701.23993,1304.62
2026-08-29T15:31:31.664Z,2026-08-30T01:35:00,SA1,82.72466,FIRM,0,0,1403.13,119.99598,796.33402,-474.2
2026-08-29T15:31:31.664Z,2026-08-30T01:35:00,TAS1,67.00059,FIRM,0,0,901.33,1019.9978,290.2922,408.96
2026-08-29T15:31:31.664Z,2026-08-30T01:35:00,VIC1,74.39225,FIRM,0,0,5115.54,4829.00435,633.81565,390.38
2026-08-29T18:46:55.276Z,2026-08-30T04:50:00,NSW1,83.99,FIRM,0,0,7002.23,5192.55551,180.26449,-1573.73
2026-08-29T18:46:55.276Z,2026-08-30T04:50:00,QLD1,70.29044,FIRM,0,0,5435.53,5077.94353,1394.91647,1087.46
2026-08-29T18:46:55.276Z,2026-08-30T04:50:00,SA1,86.44,FIRM,0,0,1338.16,147.07301,660.73699,-515.84
2026-08-29T18:46:55.276Z,2026-08-30T04:50:00,TAS1,60.2,FIRM,0,0,897.33,1107.76873,248.56127,459
2026-08-29T18:46:55.276Z,2026-08-30T04:50:00,VIC1,74.41935,FIRM,0,0,4842.76,4920.9975,585.2025,733.52
2026-08-29T21:18:17.812Z,2026-08-30T07:20:00,NSW1,28.86883,FIRM,0,0,7442.22,4866.53549,1048.92451,-1452.98
2026-08-29T21:18:17.812Z,2026-08-30T07:20:00,QLD1,2.07,FIRM,0,0,5553.14,4094.47762,2841.17238,1473.72
2026-08-29T21:18:17.812Z,2026-08-30T07:20:00,SA1,30.53071,FIRM,0,0,1312.82,183.00255,635.64745,-482.95
2026-08-29T21:18:17.812Z,2026-08-30T07:20:00,TAS1,25.2,FIRM,0,0,993.84,1196.89355,133.34645,336.41
2026-08-29T21:18:17.812Z,2026-08-30T07:20:00,VIC1,27.54012,FIRM,0,0,5264.29,4854.00073,712.29927,333.26
2026-08-29T23:23:18.417Z,2026-08-30T09:25:00,NSW1,14.2,FIRM,0,0,6827.26,2906.00112,3434.00888,-450.2
2026-08-29T23:23:18.417Z,2026-08-30T09:25:00,QLD1,-3.21,FIRM,0,0,5618.04,3130.82258,3194.88742,753.83
2026-08-29T23:23:18.417Z,2026-08-30T09:25:00,SA1,0.00946,FIRM,0,0,898.19,76.4972,860.5628,39.88
2026-08-29T23:23:18.417Z,2026-08-30T09:25:00,TAS1,0.0102,FIRM,0,0,889.79,469.89625,213.89375,-205.99
2026-08-29T23:23:18.417Z,2026-08-30T09:25:00,VIC1,0.01,FIRM,0,0,5474.49,3740.61613,1680.57387,-54.89
2026-08-30T01:19:57.996Z,2026-08-30T11:20:00,NSW1,2.12,FIRM,0,0,6187.31,2564.71208,3413.31792,-168.8
2026-08-30T01:19:57.996Z,2026-08-30T11:20:00,QLD1,-3.22,FIRM,0,0,5303.14,3130.96852,2948.26148,829.59
2026-08-30T01:19:57.996Z,2026-08-30T11:20:00,SA1,1.91179,FIRM,0,0,386.67,82.99687,597.43313,309.19
2026-08-30T01:19:57.996Z,2026-08-30T11:20:00,TAS1,2.25393,FIRM,0,0,796.7,383.30227,167.40773,-245.99
2026-08-30T01:19:57.996Z,2026-08-30T11:20:00,VIC1,2.19343,FIRM,0,0,5024.4,2929.99729,1479.80271,-605.06
2026-08-30T06:47:01.623Z,2026-08-30T16:50:00,NSW1,82.9,FIRM,0,0,7676.45,4840.45509,2140.37491,-684.23
2026-08-30T06:47:01.623Z,2026-08-30T16:50:00,QLD1,78.52,FIRM,0,0,6399.7,5617.41182,1190.28818,412.14
2026-08-30T06:47:01.623Z,2026-08-30T16:50:00,SA1,71.73681,FIRM,0,0,788.28,262.11433,499.74567,-27.02
2026-08-30T06:47:01.623Z,2026-08-30T16:50:00,TAS1,71.77807,FIRM,0,0,994.64,862.89678,288.45322,156.71
2026-08-30T06:47:01.623Z,2026-08-30T16:50:00,VIC1,74.78458,FIRM,0,0,5069.2,4054.96775,1171.57225,175.99
2026-08-30T12:16:28.222Z,2026-08-30T22:20:00,NSW1,95.2,FIRM,0,0,8132.45,6601.03372,406.99628,-1087.28
2026-08-30T12:16:28.222Z,2026-08-30T22:20:00,QLD1,80.12859,FIRM,0,0,6416.64,5971.47954,1513.73046,1115.01
2026-08-30T12:16:28.222Z,2026-08-30T22:20:00,SA1,98.24014,FIRM,0,0,1479.39,603.23567,604.15433,-268.93
2026-08-30T12:16:28.222Z,2026-08-30T22:20:00,TAS1,83.12163,FIRM,0,0,1016.9,1190.89747,266.96253,440.96
2026-08-30T12:16:28.222Z,2026-08-30T22:20:00,VIC1,92.97973,FIRM,0,0,5848.43,5366.99948,368.31052,-81.65
2026-08-30T16:42:52.020Z,2026-08-31T02:45:00,NSW1,105.1032,FIRM,0,0,6967.18,5498.3974,299.3426,-1112.43
2026-08-30T16:42:52.020Z,2026-08-31T02:45:00,QLD1,84.73006,FIRM,0,0,5546.76,5290.54525,1494.41475,1310.15
2026-08-30T16:42:52.020Z,2026-08-31T02:45:00,SA1,70.44,FIRM,0,0,1609.04,308.21609,930.07391,-362.6
2026-08-30T16:42:52.020Z,2026-08-31T02:45:00,TAS1,111.86481,FIRM,0,0,935.44,1114.00104,232.32896,410.88
2026-08-30T16:42:52.020Z,2026-08-31T02:45:00,VIC1,124.12,FIRM,0,0,5202.01,4950.00331,143.12669,-77.15
2026-08-30T19:26:57.245Z,2026-08-31T05:30:00,NSW1,93.66,FIRM,0,0,7382.75,6284.36791,354.17209,-715.82
2026-08-30T19:26:57.245Z,2026-08-31T05:30:00,QLD1,80.43908,FIRM,0,0,5986.43,5544.81023,1367.23977,961.73
2026-08-30T19:26:57.245Z,2026-08-31T05:30:00,SA1,70.44,FIRM,0,0,1339.02,376.30458,882.56542,-80.33
2026-08-30T19:26:57.245Z,2026-08-31T05:30:00,TAS1,85.27051,FIRM,0,0,1031.45,1234.10332,199.26668,401.92
2026-08-30T19:26:57.245Z,2026-08-31T05:30:00,VIC1,94.36455,FIRM,0,0,5257.32,4659.00126,95.13874,-480.32
2026-08-30T21:56:31.209Z,2026-08-31T08:00:00,NSW1,28.01,FIRM,0,0,8210.53,4620.21891,3159.98109,-402.56
2026-08-30T21:56:31.209Z,2026-08-31T08:00:00,QLD1,0.00026,FIRM,0,0,6415.52,3767.9856,3468.2044,848.52
2026-08-30T21:56:31.209Z,2026-08-31T08:00:00,SA1,41.91773,FIRM,0,0,1602.09,552.99567,1055.26433,6.22
2026-08-30T21:56:31.209Z,2026-08-31T08:00:00,TAS1,41.19509,FIRM,0,0,1256.85,1220.99534,166.78466,130.94
2026-08-30T21:56:31.209Z,2026-08-31T08:00:00,VIC1,42.48,FIRM,0,0,6823.65,5331.95173,964.23827,-514
2026-08-31T00:04:12.097Z,2026-08-31T10:05:00,NSW1,15.62137,FIRM,0,0,6723.93,2816.23515,3285.93485,-584.07
2026-08-31T00:04:12.097Z,2026-08-31T10:05:00,QLD1,-2.9999,FIRM,0,0,5614.76,3257.46277,3164.24723,855.16
2026-08-31T00:04:12.097Z,2026-08-31T10:05:00,SA1,14.19,FIRM,0,0,939.13,100.00257,1080.41743,249.84
2026-08-31T00:04:12.097Z,2026-08-31T10:05:00,TAS1,16.52784,FIRM,0,0,1003.41,384.00225,216.46775,-402.94
2026-08-31T00:04:12.097Z,2026-08-31T10:05:00,VIC1,15.65583,FIRM,0,0,5667.66,4206.03591,1438.09409,-10.04
2026-08-31T05:20:32.602Z,2026-08-31T15:20:00,NSW1,33.08063,FIRM,0,0,6799.05,3008.97386,3373.67614,-408.12
2026-08-31T05:20:32.602Z,2026-08-31T15:20:00,QLD1,29.85,FIRM,0,0,6047.96,3751.8681,2919.8919,639.14
2026-08-31T05:20:32.602Z,2026-08-31T15:20:00,SA1,9.23186,FIRM,0,0,478.9,82.99963,699.53037,318.39
2026-08-31T05:20:32.602Z,2026-08-31T15:20:00,TAS1,11.10697,FIRM,0,0,967.5,397.10431,178.34569,-392.05
2026-08-31T05:20:32.602Z,2026-08-31T15:20:00,VIC1,10.5,FIRM,0,0,4280.08,2912.66778,1248.43222,-103.85
2026-08-31T11:39:57.128Z,2026-08-31T21:40:00,NSW1,95.2,FIRM,0,0,8398.29,6427.12002,394.99998,-1530.6
2026-08-31T11:39:57.128Z,2026-08-31T21:40:00,QLD1,78.57,FIRM,0,0,6837.15,6343.27472,1608.96528,1162.85
2026-08-31T11:39:57.128Z,2026-08-31T21:40:00,SA1,93.55817,FIRM,0,0,1567.06,465.99739,780.14261,-316.27
2026-08-31T11:39:57.128Z,2026-08-31T21:40:00,TAS1,78.94785,FIRM,0,0,1157.17,1405.89503,166.58497,415.31
2026-08-31T11:39:57.128Z,2026-08-31T21:40:00,VIC1,87.78154,FIRM,0,0,6293.6,5765.00125,895.26875,409.48
