SETTLEMENTDATE,REGIONID,RRP,TOTALDEMAND,NETINTERCHANGE,SCHEDULEDGENERATION,SEMISCHEDULEDGENERATION
2026-08-23T09:55:00,NSW1,4.64812,7391.39,-598.93,2595.79467,4162.88533
2026-08-23T09:55:00,QLD1,-7.25,5411.42,623.3,3325.7153,2670.0847
2026-08-23T09:55:00,SA1,3.75569,828.47,406.16,43.00186,1161.95814
2026-08-23T09:55:00,TAS1,5.38883,1132.1,-418.85,506.90444,206.35556
2026-08-23T09:55:00,VIC1,4.39,4519.83,130.54,3092.99788,1517.52212
2026-08-23T10:00:00,NSW1,0.92,7306.56,-556.59,2595.02642,4120.67358
2026-08-23T10:00:00,QLD1,-7.25,5369.65,653.92,3324.65896,2657.56104
2026-08-23T10:00:00,SA1,0.74495,798.22,432.26,43.00238,1155.61762
2026-08-23T10:00:00,TAS1,1.64889,1126.16,-420.95,506.90139,198.30861
2026-08-23T10:00:00,VIC1,0.87521,4546.07,38.57,3020.99532,1523.92468
2026-08-23T10:05:00,NSW1,4.66003,7331.56,-590.83,2584.20438,4121.70562
2026-08-23T10:05:00,QLD1,-7.25,5393.29,647.02,3324.15321,2675.17679
2026-08-23T10:05:00,SA1,3.73138,767.63,433.56,43.00485,1125.83515
2026-08-23T10:05:00,TAS1,15.12,1126.2,-441,482.72652,202.47348
2026-08-23T10:05:00,VIC1,4.39,4454.45,102.32,2962.99804,1550.84196
2026-08-23T10:10:00,NSW1,5.36278,7363.5,-644.43,2562.30284,4119.15716
2026-08-23T10:10:00,QLD1,-7.25,5372.56,683.65,3324.86717,2687.44283
2026-08-23T10:10:00,SA1,4.27633,767.79,442.65,42.99698,1134.45302
2026-08-23T10:10:00,TAS1,8.11677,1104.89,-435.27,465.90131,203.71869
2026-08-23T10:10:00,VIC1,5.05,4397.58,111.94,2906.99831,1558.47169
2026-08-23T10:15:00,NSW1,15.77,7285.72,-570.9,2552.76689,4123.84311
2026-08-23T10:15:00,QLD1,-7.25,5314.02,727.31,3324.96443,2668.82557
2026-08-23T10:15:00,SA1,-1.09996,820.72,357.55,42.99867,1109.01133
2026-08-23T10:15:00,TAS1,1.37519,1108.75,-436.81,465.79585,206.13415
2026-08-23T10:15:00,VIC1,-1.27222,4345.1,68.76,2841.00446,1538.96554
2026-08-23T10:20:00,NSW1,0.92,7323.77,-657.6,2519.62875,4104.89125
2026-08-23T10:20:00,QLD1,-7.3,5222.93,760.12,3325.72364,2606.83636
2026-08-23T10:20:00,SA1,-4.04069,789.71,359.84,43.0014,1079.8786
2026-08-23T10:20:00,TAS1,-4.61794,1098.42,-406.68,485.80411,205.93589
2026-08-23T10:20:00,VIC1,-4.67,4340.14,97.45,2840.99575,1562.26425
2026-08-23T10:25:00,NSW1,0.92,7362.55,-687.34,2507.12581,4124.05419
2026-08-23T10:25:00,QLD1,-7.3,5135.98,790.2,3324.40791,2548.39209
2026-08-23T10:25:00,SA1,-4.03737,796.31,358.88,43.00033,1085.23967
2026-08-23T10:25:00,TAS1,-4.60888,1098.57,-407.29,485.80442,205.47558
2026-08-23T10:25:00,VIC1,-4.68,4357.79,104.75,2840.99788,1586.69212
2026-08-23T10:30:00,NSW1,0.92,7336.52,-667.26,2505.99508,4119.63492
2026-08-23T10:30:00,QLD1,-7.3,5123.16,788.62,3324.10246,2534.32754
2026-08-23T10:30:00,SA1,-1,771,465.99,43.00344,1158.41656
2026-08-23T10:30:00,TAS1,0.69,1105.18,-409.49,485.80415,209.88585
2026-08-23T10:30:00,VIC1,0,4552.78,-2.66,2840.9976,1666.4724
2026-08-23T10:35:00,NSW1,25.1,7337.57,-600.65,2504.44865,4190.70135
2026-08-23T10:35:00,QLD1,-7.25,5202.93,773.46,3324.80612,2599.27388
2026-08-23T10:35:00,SA1,-3.03791,827.74,334.89,74.99746,1062.05254
2026-08-23T10:35:00,TAS1,-2.61955,1103.98,-440.2,451.79656,211.98344
2026-08-23T10:35:00,VIC1,-3.5,4479.22,85.46,2840.99967,1690.37033
2026-08-23T10:40:00,NSW1,28.05,7291.08,-518.05,2525.37614,4204.60386
2026-08-23T10:40:00,QLD1,-8.51,5012.7,812.47,3324.20354,2445.04646
2026-08-23T10:40:00,SA1,-5.79234,937.7,231.61,74.99804,1075.86196
2026-08-23T10:40:00,TAS1,15.12,1098.34,-441,458.77238,198.56762
2026-08-23T10:40:00,VIC1,-6.51,4422.62,56.32,2841.00276,1614.02724
2026-08-23T10:45:00,NSW1,15.77,7149.95,-512.24,2495.83985,4096.43015
2026-08-23T10:45:00,QLD1,-8.51,4982.54,845.19,3326.47833,2441.98167
2026-08-23T10:45:00,SA1,-6.60158,763.96,267.05,75.0014,934.6486
2026-08-23T10:45:00,TAS1,-5.88,1093.01,-441,449.63913,202.37087
2026-08-23T10:45:00,VIC1,-7.51,4203.58,-6.63,2840.99929,1329.64071
2026-08-23T10:50:00,NSW1,23.51,7078.79,-447.54,2461.29429,4119.31571
2026-08-23T10:50:00,QLD1,-8.51,4923.82,919.44,3325.66561,2450.97439
2026-08-23T10:50:00,SA1,-7.86002,752.62,218.59,74.99612,877.57388
2026-08-23T10:50:00,TAS1,-5.88,1076.38,-441,442.75188,192.62812
2026-08-23T10:50:00,VIC1,-8.84,4175.43,-90.87,2841.00168,1220.82832
2026-08-23T10:55:00,NSW1,23.95,7257,-585.75,2455.99973,4172.98027
2026-08-23T10:55:00,QLD1,-8.51,4982.94,781.51,3325.72031,2385.23969
2026-08-23T10:55:00,SA1,-6.87114,932.78,77.11,75.00482,922.55518
2026-08-23T10:55:00,TAS1,-5.88,1069.23,-432.78,419.37531,217.07469
2026-08-23T10:55:00,VIC1,-7.5,4160.49,287.47,2841.00253,1587.49747
2026-08-23T11:00:00,NSW1,23.95,6940.14,-402.82,2469.45856,4028.25144
2026-08-23T11:00:00,QLD1,-8.51,4965.42,776.09,3324.85878,2363.74122
2026-08-23T11:00:00,SA1,-7.0261,1000.62,-25.11,74.99881,892.14119
2026-08-23T11:00:00,TAS1,-5.88,1056.82,-441,407.97448,207.84552
2026-08-23T11:00:00,VIC1,-7.5,4174.15,206.29,2841.00367,1526.89633
2026-08-23T11:05:00,NSW1,23.51,6848.17,-421.92,2466.17764,3920.95236
2026-08-23T11:05:00,QLD1,-8.51,4931.54,771.58,3324.65684,2326.16316
2026-08-23T11:05:00,SA1,-7.73135,1006.69,-176.21,51.50114,774.46886
2026-08-23T11:05:00,TAS1,-5.88,1058.13,-441,411.8682,205.2618
2026-08-23T11:05:00,VIC1,-8,3852.89,372.38,2841.00279,1375.36721
2026-08-23T11:10:00,NSW1,23.51,6955.45,-453.08,2455.99813,4004.58187
2026-08-23T11:10:00,QLD1,-7.75,4930.05,816.15,3326.20613,2364.22387
2026-08-23T11:10:00,SA1,-7.05416,899.06,-69.73,55.49531,766.86469
2026-08-23T11:10:00,TAS1,-5.88,1043.99,-432.78,406.95637,204.25363
2026-08-23T11:10:00,VIC1,-7.5,4002.65,254.39,2750.80971,1495.80029
2026-08-23T11:15:00,NSW1,15.77,6955.72,-444.19,2456.00039,4017.07961
2026-08-23T11:15:00,QLD1,-7.3,5013.77,765.99,3324.81962,2403.66038
2026-08-23T11:15:00,SA1,-7.07264,902.45,-89.54,54.50213,751.57787
2026-08-23T11:15:00,TAS1,-5.9,1049.32,-441,390.07531,218.24469
2026-08-23T11:15:00,VIC1,-7.5,4004.44,316.5,2721.00337,1588.74663
2026-08-23T11:20:00,NSW1,23.51,6862.51,-322.97,2455.99716,4045.60284
2026-08-23T11:20:00,QLD1,-7.79,4944.78,767.5,3324.81995,2335.82005
2026-08-23T11:20:00,SA1,-6.51,902.41,-80.75,57.50427,757.27573
2026-08-23T11:20:00,TAS1,-5.96,1028.21,-441,365.25143,221.95857
2026-08-23T11:20:00,VIC1,-6.90553,4185.98,183.57,2660.99958,1698.67042
2026-08-23T11:25:00,NSW1,15.77,7026.22,-454.11,2456.00209,4077.24791
2026-08-23T11:25:00,QLD1,-7.75,4956.86,776.14,3324.66775,2356.27225
2026-08-23T11:25:00,SA1,-5.28053,780.72,209.77,60.50386,909.68614
2026-08-23T11:25:00,TAS1,-5.9,1021.19,-419.15,399.99557,202.04443
2026-08-23T11:25:00,VIC1,-6,4430.64,20.94,2616.99869,1812.22131
2026-08-23T11:30:00,NSW1,15.77,6916,-379.89,2456.00362,4045.25638
2026-08-23T11:30:00,QLD1,-7.3,4969.05,721.51,3324.41316,2318.76684
2026-08-23T11:30:00,SA1,-5.59468,666.64,339.39,62.49903,915.14097
2026-08-23T11:30:00,TAS1,-5.9,1014.97,-432.78,393.65515,188.53485
2026-08-23T11:30:00,VIC1,-6.50987,4405.63,-107.16,2565.00262,1703.01738
2026-08-23T11:35:00,NSW1,15.77,6930.98,-443.01,2456.00288,3994.23712
2026-08-23T11:35:00,QLD1,-7.34,4958.68,766.87,3324.05283,2350.55717
2026-08-23T11:35:00,SA1,-5.55476,597.38,346.78,63.49694,851.68306
2026-08-23T11:35:00,TAS1,14.12,1018.23,-441,381.45557,195.77443
2026-08-23T11:35:00,VIC1,-6.5,4408.62,-80.27,2514.99636,1781.63364
2026-08-23T11:40:00,NSW1,23.51,6828.65,-387.28,2455.99502,3945.92498
2026-08-23T11:40:00,QLD1,-7.25,5081.1,811.83,3325.06426,2513.74574
2026-08-23T11:40:00,SA1,-6.38592,457.35,371.43,66.4972,731.0528
2026-08-23T11:40:00,TAS1,-5.88,1006.81,-441,381.62683,184.18317
2026-08-23T11:40:00,VIC1,-7.5,4385.14,-197.67,2517.99688,1636.94312
2026-08-23T11:45:00,NSW1,15.77,6903.03,-452.34,2456.00239,3955.30761
2026-08-23T11:45:00,QLD1,-7.25,5136.49,807.65,3324.95855,2565.62145
2026-08-23T11:45:00,SA1,-5.61567,579.06,369.51,64.49829,852.23171
2026-08-23T11:45:00,TAS1,-5.88,1010.25,-432.78,384.97834,192.49166
2026-08-23T11:45:00,VIC1,-6.6,4454.03,-133.96,2530.9994,1755.7706
2026-08-23T11:50:00,NSW1,23.51,6686.47,-297.34,2456.00048,3894.40952
2026-08-23T11:50:00,QLD1,-7.25,5064.37,809.65,3326.43319,2493.85681
2026-08-23T11:50:00,SA1,-6.02,580.19,276.31,67.50344,763.80656
2026-08-23T11:50:00,TAS1,-5.9,988.51,-432.78,368.91765,186.81235
2026-08-23T11:50:00,VIC1,-6.94496,4532.9,-212.7,2530.99754,1763.71246
2026-08-23T11:55:00,NSW1,23.51,6674.08,-294.57,2455.99591,3884.18409
2026-08-23T11:55:00,QLD1,-7.25,5119.93,822.44,3325.72657,2562.01343
2026-08-23T11:55:00,SA1,-6.59827,564.31,210.53,70.50244,683.57756
2026-08-23T11:55:00,TAS1,-5.88,993.11,-432.78,383.28483,177.04517
2026-08-23T11:55:00,VIC1,-7.5,4423.89,-169.85,2531.00368,1701.97632
2026-08-23T12:00:00,NSW1,23.51,6643.37,-268.02,2456.00066,3880.96934
2026-08-23T12:00:00,QLD1,-7.01,5126.99,810.3,3324.81926,2558.95074
2026-08-23T12:00:00,SA1,-6.56463,550.36,215.14,74.49717,670.16283
2026-08-23T12:00:00,TAS1,-5.9,991.47,-441,375.85066,174.61934
2026-08-23T12:00:00,VIC1,-7.5,4441.91,-182.16,2541.99599,1696.23401
2026-08-23T12:05:00,NSW1,23.9901,6693.55,-335.95,2493.43443,3821.59557
2026-08-23T12:05:00,QLD1,-7.24997,4975.69,868.19,3325.11623,2459.67377
2026-08-23T12:05:00,SA1,-4.32012,577.47,340.23,79.00249,808.83751
2026-08-23T12:05:00,TAS1,-5.35731,984.96,-403.93,394.89554,186.12446
2026-08-23T12:05:00,VIC1,-5.05967,4726.51,-309.53,2546.99662,1842.50338
2026-08-23T12:10:00,NSW1,41.88,6707.66,-391.46,2528.99791,3745.60209
2026-08-23T12:10:00,QLD1,-7.01,4941.7,858.14,3324.52029,2417.37971
2026-08-23T12:10:00,SA1,-4.25264,557.92,377.8,83.00146,820.70854
2026-08-23T12:10:00,TAS1,-5.34176,977.86,-407.09,394.7965,175.9735
2026-08-23T12:10:00,VIC1,-5.03,4739.08,-276.3,2565.99846,1867.24154
2026-08-23T12:15:00,NSW1,23.51,6782.37,-431.44,2496.88483,3813.25517
2026-08-23T12:15:00,QLD1,-7.01,5002.13,839.72,3326.01641,2459.55359
2026-08-23T12:15:00,SA1,-4.00291,594.13,315.11,80.50069,801.71931
2026-08-23T12:15:00,TAS1,-4.95434,961.37,-389.29,394.89791,177.18209
2026-08-23T12:15:00,VIC1,-4.68,4655.07,-185.51,2565.99556,1879.06444
2026-08-23T12:20:00,NSW1,23.99016,6744.46,-373.83,2549.02448,3779.81552
2026-08-23T12:20:00,QLD1,-7.25,4890.98,855.66,3325.72382,2362.90618
2026-08-23T12:20:00,SA1,-4.05342,618.41,275.11,82.99781,786.92219
2026-08-23T12:20:00,TAS1,-4.9,964.33,-416.32,357.3557,190.6443
2026-08-23T12:20:00,VIC1,-4.68,4709.43,-195.01,2565.99755,1926.20245
2026-08-23T12:25:00,NSW1,23.9901,6751.36,-394.81,2529.55422,3788.28578
2026-08-23T12:25:00,QLD1,-7.25,4862.5,805.88,3324.51334,2290.23666
2026-08-23T12:25:00,SA1,-4.06223,659.18,263.62,82.99619,817.38381
2026-08-23T12:25:00,TAS1,-4.9,964.44,-407.63,362.0484,194.7516
2026-08-23T12:25:00,VIC1,-4.68,4616.53,-131.1,2565.99681,1898.22319
2026-08-23T12:30:00,NSW1,23.9901,6730.68,-435.1,2490.67114,3765.90886
2026-08-23T12:30:00,QLD1,-7.25,4973.02,805.58,3324.04807,2401.29193
2026-08-23T12:30:00,SA1,-4.31898,828.5,55.93,83.00128,790.97872
2026-08-23T12:30:00,TAS1,-5.01839,960.92,-393.64,373.90444,193.37556
2026-08-23T12:30:00,VIC1,-4.74,4411.4,79.81,2565.99983,1915.35017
2026-08-23T12:35:00,NSW1,42.55,6612.23,-291.73,2564.45292,3720.47708
2026-08-23T12:35:00,QLD1,-7.3,4818.45,759.41,3323.96006,2204.22994
2026-08-23T12:35:00,SA1,-3.16137,788.73,91.86,82.99733,785.41267
2026-08-23T12:35:00,TAS1,-2.98807,972.06,-425.39,353.90098,192.76902
2026-08-23T12:35:00,VIC1,-3.5,4543.25,-24.36,2566.00482,1940.51518
2026-08-23T12:40:00,NSW1,28.05,6781.26,-399.07,2607.66433,3737.97567
2026-08-23T12:40:00,QLD1,-7.3,4823.14,768.31,3325.72572,2215.52428
2026-08-23T12:40:00,SA1,0,800.49,136.37,83.00405,838.95595
2026-08-23T12:40:00,TAS1,0.12,978.18,-395.85,377.76965,204.56035
2026-08-23T12:40:00,VIC1,0,4665.9,6.03,2566.00077,2091.78923
2026-08-23T12:45:00,NSW1,42.88,6662.57,-278.51,2664.76181,3684.52819
2026-08-23T12:45:00,QLD1,-7.3,4868.19,757.3,3324.05577,2252.33423
2026-08-23T12:45:00,SA1,-4.21,805.87,47.75,83.00306,760.50694
2026-08-23T12:45:00,TAS1,-4.18623,966.78,-410.24,358.90015,197.63985
2026-08-23T12:45:00,VIC1,-4.62932,4480.22,-13.45,2566.00314,1891.90686
2026-08-23T12:50:00,NSW1,42.55,6790.61,-446.69,2629.57773,3678.35227
2026-08-23T12:50:00,QLD1,-8.5102,4749.14,750.71,3324.97031,2126.18969
2026-08-23T12:50:00,SA1,-4.21,717.53,163.83,82.99833,782.11167
2026-08-23T12:50:00,TAS1,-4.28969,976.86,-425.56,358.80068,192.49932
2026-08-23T12:50:00,VIC1,-4.7308,4448.11,77.04,2565.9955,1940.7645
2026-08-23T12:55:00,NSW1,42.80007,6705.91,-343.04,2666.40128,3663.09872
2026-08-23T12:55:00,QLD1,-7.79,4756.78,725.5,3324.10807,2111.83193
2026-08-23T12:55:00,SA1,-4.61955,793.25,19.21,82.9953,720.1047
2026-08-23T12:55:00,TAS1,-4.61827,974.17,-422.09,358.89593,193.18407
2026-08-23T12:55:00,VIC1,-5.03,4389.77,119.7,2565.99551,1933.24449
2026-08-23T13:00:00,NSW1,42.55,6788.63,-406.67,2677.04118,3667.61882
2026-08-23T13:00:00,QLD1,-7.79,4591.41,775.16,3324.413,1991.027
2026-08-23T13:00:00,SA1,-0.04521,766,79.09,82.99693,750.37307
2026-08-23T13:00:00,TAS1,0.12,975.07,-398.67,384.65681,191.73319
2026-08-23T13:00:00,VIC1,-0.05,4531.7,62.54,2566.00403,2016.92597
2026-08-23T13:05:00,NSW1,42.88,6791.56,-342.84,2753.20495,3657.99505
2026-08-23T13:05:00,QLD1,-7.3,4698.78,787.93,3324.41236,2110.18764
2026-08-23T13:05:00,SA1,-0.04535,767.05,63.49,82.99826,736.50174
2026-08-23T13:05:00,TAS1,0.12,969.99,-396.88,361.95754,211.14246
2026-08-23T13:05:00,VIC1,-0.05,4606.49,-1.45,2565.99931,2029.46069
2026-08-23T13:10:00,NSW1,42.80018,6951.38,-454.75,2827.42781,3628.86219
2026-08-23T13:10:00,QLD1,-7.3,4651.37,816.71,3325.36414,2087.84586
2026-08-23T13:10:00,SA1,-1.48339,712.32,95.71,82.99957,712.14043
2026-08-23T13:10:00,TAS1,-1.03193,962.3,-409.35,344.89549,208.04451
2026-08-23T13:10:00,VIC1,-1.64996,4486.01,72.97,2565.99626,1979.78374
2026-08-23T13:15:00,NSW1,42.88,6848.66,-320.25,2899.34671,3590.81329
2026-08-23T13:15:00,QLD1,-7.24997,4767.06,804.5,3324.105,2194.175
2026-08-23T13:15:00,SA1,0,808.59,40.55,82.99866,756.16134
2026-08-23T13:15:00,TAS1,0,962.74,-379.59,357.8981,225.2519
2026-08-23T13:15:00,VIC1,0,4625.28,-36.48,2566.00041,2015.55959
2026-08-23T13:20:00,NSW1,42.55,6908.72,-376.43,2854.58074,3641.17926
2026-08-23T13:20:00,QLD1,-8.51,4615.35,767.57,3324.25344,2008.39656
2026-08-23T13:20:00,SA1,0.88,787.77,8.82,83.00339,705.33661
2026-08-23T13:20:00,TAS1,0.99678,962.57,-316.67,444.79917,201.10083
2026-08-23T13:20:00,VIC1,0.95642,4626.39,15.27,2565.99843,2072.15157
2026-08-23T13:25:00,NSW1,42.80013,6816.08,-277.39,2916.6804,3581.4296
2026-08-23T13:25:00,QLD1,-8,4570.31,827.65,3323.90229,2018.19771
2026-08-23T13:25:00,SA1,-5.16389,803.05,-66.36,83.0019,648.2581
2026-08-23T13:25:00,TAS1,-5.12954,970.19,-423.27,339.90309,207.02691
2026-08-23T13:25:00,VIC1,-5.52,4394.5,47.19,2565.99654,1869.72346
2026-08-23T13:30:00,NSW1,23.95,6914.51,-430.97,2813.97839,3629.47161
2026-08-23T13:30:00,QLD1,-8.51,4503.98,813.14,3324.81184,1937.84816
2026-08-23T13:30:00,SA1,-4.37982,873.43,-69.78,83.0034,714.6266
2026-08-23T13:30:00,TAS1,-4.59411,958.85,-401.52,339.90348,217.42652
2026-08-23T13:30:00,VIC1,-4.67,4267.17,196.03,2566.00022,1890.87978
2026-08-23T13:35:00,NSW1,23.9901,6967.63,-381.35,2849.75053,3696.21947
2026-08-23T13:35:00,QLD1,-8.71,4521.31,822.63,3323.65631,1965.09369
2026-08-23T13:35:00,SA1,-5.5369,843.63,-12.82,83.00021,739.66979
2026-08-23T13:35:00,TAS1,-5.65126,962.71,-429.85,313.89522,218.96478
2026-08-23T13:35:00,VIC1,-6,4392.07,114.56,2565.99565,1931.10435
2026-08-23T13:40:00,NSW1,23.9901,7075.19,-435.79,2866.67708,3734.73292
2026-08-23T13:40:00,QLD1,-8.88,4526.84,781.4,3325.4225,1931.2975
2026-08-23T13:40:00,SA1,-1.09996,821.99,19.34,83.00257,749.23743
2026-08-23T13:40:00,TAS1,-1.26826,954.89,-398.1,328.8959,227.8941
2026-08-23T13:40:00,VIC1,-1.19804,4438.35,141.14,2550.00328,2020.10672
2026-08-23T13:45:00,NSW1,23.95,7092.25,-534.03,2825.05822,3691.96178
2026-08-23T13:45:00,QLD1,-8.8,4460.32,817.11,3324.41474,1898.36526
2026-08-23T13:45:00,SA1,-4.52687,672.39,88.6,82.99551,665.51449
2026-08-23T13:45:00,TAS1,-4.61041,958.84,-415.99,320.90038,221.94962
2026-08-23T13:45:00,VIC1,-5.03,4353.99,167.53,2545.99915,1960.63085
2026-08-23T13:50:00,NSW1,23.95,6973.64,-522.25,2814.21795,3597.27205
2026-08-23T13:50:00,QLD1,-10.32,4529.37,799.1,3322.38718,1953.20282
2026-08-23T13:50:00,SA1,-3.15138,681.34,92.49,82.99539,678.11461
2026-08-23T13:50:00,TAS1,-2.98599,956.99,-415.68,320.90177,220.40823
2026-08-23T13:50:00,VIC1,-3.5,4399.52,167.13,2545.9955,2005.3645
2026-08-23T13:55:00,NSW1,23.9901,7012.61,-509.18,2856.40645,3603.27355
2026-08-23T13:55:00,QLD1,-10.32,4467.85,861.88,3322.74325,1948.02675
2026-08-23T13:55:00,SA1,-0.08723,649.24,230.39,82.99652,775.78348
2026-08-23T13:55:00,TAS1,0.62382,969.18,-418.8,320.70441,229.67559
2026-08-23T13:55:00,VIC1,-0.1,4570.56,-18.99,2545.9956,1983.8344
2026-08-23T14:00:00,NSW1,23.95,7052.45,-600.49,2815.99941,3594.41059
2026-08-23T14:00:00,QLD1,-10.32,4498.17,802.08,3323.79621,1923.20379
2026-08-23T14:00:00,SA1,-3.10337,582.43,165.91,82.99741,648.79259
2026-08-23T14:00:00,TAS1,-3.69319,963.26,-381.24,320.90226,261.11774
2026-08-23T14:00:00,VIC1,-3.5,4394,144.32,2546.00336,1973.07664
2026-08-23T14:05:00,NSW1,23.51,7070.08,-517.8,2893.28627,3618.33373
2026-08-23T14:05:00,QLD1,-8.76,4452.33,814.29,3302.52136,1909.89864
2026-08-23T14:05:00,SA1,-0.26475,602.46,172.56,82.99899,675.04101
2026-08-23T14:05:00,TAS1,-0.31655,952.76,-374.08,326.69653,251.98347
2026-08-23T14:05:00,VIC1,-0.3,4602.09,33.34,2546.00228,2072.95772
2026-08-23T14:10:00,NSW1,11.4,7139.42,-573.75,2898.21934,3623.65066
2026-08-23T14:10:00,QLD1,-8.51,4423.72,853.79,3288.43148,1931.30852
2026-08-23T14:10:00,SA1,-4.50955,633.78,100.28,82.99902,638.31098
2026-08-23T14:10:00,TAS1,-4.97074,959.75,-410.55,319.80243,229.39757
2026-08-23T14:10:00,VIC1,-5.03,4357.14,159.63,2546.00014,1955.68986
2026-08-23T14:15:00,NSW1,23.51,7097.35,-433.05,2971.11857,3650.89143
2026-08-23T14:15:00,QLD1,-8.8,4213.24,857.52,3270.15942,1742.57058
2026-08-23T14:15:00,SA1,-5.1783,635.25,75.35,83.00099,615.89901
2026-08-23T14:15:00,TAS1,-5.37319,972.6,-423.98,319.90297,228.71703
2026-08-23T14:15:00,VIC1,-5.73,4465.61,48.24,2546.0009,1955.7991
2026-08-23T14:20:00,NSW1,23.51,7328.55,-617.64,3004.60772,3657.95228
2026-08-23T14:20:00,QLD1,-10.32,4260.49,921.65,3367.28988,1751.07012
2026-08-23T14:20:00,SA1,-0.04435,576.47,150.8,83.00214,628.25786
2026-08-23T14:20:00,TAS1,0.66675,981.41,-422.03,326.9026,232.4774
2026-08-23T14:20:00,VIC1,-0.05,4362.75,114.03,2545.99696,1912.11304
2026-08-23T14:25:00,NSW1,25.1,7155.99,-420.68,3048.56804,3640.03196
2026-08-23T14:25:00,QLD1,-8.51,4296.72,926.16,3268.81138,1890.34862
2026-08-23T14:25:00,SA1,-0.04475,637.35,129.03,83.00145,668.50855
2026-08-23T14:25:00,TAS1,-0.05309,980.43,-409.82,326.90432,243.70568
2026-08-23T14:25:00,VIC1,-0.05,4583.21,-85.26,2545.99709,1937.82291
2026-08-23T14:30:00,NSW1,22.96019,7444.71,-794.28,3000.64912,3597.91088
2026-08-23T14:30:00,QLD1,-7.79,4290.93,930.36,3266.88528,1890.53472
2026-08-23T14:30:00,SA1,3.94161,557.23,143.51,83.00273,602.25727
2026-08-23T14:30:00,TAS1,4.69325,989.81,-411.26,357.79775,220.75225
2026-08-23T14:30:00,VIC1,4.42,4297.79,286.26,2566.00311,1994.66689
2026-08-23T14:35:00,NSW1,25.1,7152.04,-469.13,3086.14974,3548.75026
2026-08-23T14:35:00,QLD1,-7.34,4403.49,950.34,3412.18415,1876.56585
2026-08-23T14:35:00,SA1,0.0002,636.6,79.41,83.00274,621.44726
2026-08-23T14:35:00,TAS1,0.72024,993.72,-419.47,333.90486,240.35514
2026-08-23T14:35:00,VIC1,0.00022,4466.3,-4.62,2547.87159,1901.92841
2026-08-23T14:40:00,NSW1,23.71016,7476.3,-777.69,3063.04178,3584.14822
2026-08-23T14:40:00,QLD1,-8,4430.69,942.75,3446.55605,1862.67395
2026-08-23T14:40:00,SA1,11.01,548.87,200.17,82.99756,647.44244
2026-08-23T14:40:00,TAS1,13.64347,992.37,-413.41,357.90166,221.05834
2026-08-23T14:40:00,VIC1,12.50256,4273.9,207.6,2550.00379,1906.30621
2026-08-23T14:45:00,NSW1,42.88,7251.99,-494.01,3165.21747,3549.00253
2026-08-23T14:45:00,QLD1,-7.34,4482.17,894.32,3380.75101,1936.34899
2026-08-23T14:45:00,SA1,3.93722,577.84,140.1,82.99553,620.27447
2026-08-23T14:45:00,TAS1,5.42694,998.79,-429.79,357.90349,211.09651
2026-08-23T14:45:00,VIC1,4.42,4359.08,23.06,2547.99554,1818.28446
2026-08-23T14:50:00,NSW1,25.1,7453.03,-709.42,3175.68327,3521.67673
2026-08-23T14:50:00,QLD1,-7.34,4461.94,884.62,3392.64495,1895.69505
2026-08-23T14:50:00,SA1,2.15886,532.67,144.1,83.0045,578.7755
2026-08-23T14:50:00,TAS1,15.24,991.46,-441,367.98897,182.47103
2026-08-23T14:50:00,VIC1,2.42,4137.5,263.88,2574.00377,1804.66623
2026-08-23T14:55:00,NSW1,23.99007,7363.69,-605.01,3163.33571,3549.95429
2026-08-23T14:55:00,QLD1,-7.01,4594.12,910.64,3402.59444,2042.30556
2026-08-23T14:55:00,SA1,1.26294,550.92,81.38,83.00209,537.00791
2026-08-23T14:55:00,TAS1,15.24,996.94,-441,371.07516,184.86484
2026-08-23T14:55:00,VIC1,1.4,4290.55,187.91,2593.99766,1868.07234
2026-08-23T15:00:00,NSW1,23.94021,7455.78,-719.69,3123.35334,3563.81666
2026-08-23T15:00:00,QLD1,-6.14,4640.65,942.29,3403.40025,2116.94975
2026-08-23T15:00:00,SA1,3.51237,536.94,34.91,82.99925,478.96075
2026-08-23T15:00:00,TAS1,4.07367,1000.19,-401.32,372.89501,225.97499
2026-08-23T15:00:00,VIC1,3.85,4243.57,279.11,2614.00381,1894.77619
2026-08-23T15:05:00,NSW1,1.2,7346.48,-685.6,3134.42011,3476.96989
2026-08-23T15:05:00,QLD1,-6,4808.25,970.41,3435.09557,2278.90443
2026-08-23T15:05:00,SA1,0.88,679.8,-50.38,82.99996,540.29004
2026-08-23T15:05:00,TAS1,0.99857,992.82,-378.57,403.801,210.449
2026-08-23T15:05:00,VIC1,0.94668,4234.48,271.6,2677.00073,1821.88927
2026-08-23T15:10:00,NSW1,31.26041,7100.63,-344.43,3264.98003,3444.48997
2026-08-23T15:10:00,QLD1,-6,4851.84,960.1,3428.74691,2320.17309
2026-08-23T15:10:00,SA1,-6.27077,694.22,-209.37,82.99848,399.79152
2026-08-23T15:10:00,TAS1,-5.76,994.98,-419.71,374.73968,200.53032
2026-08-23T15:10:00,VIC1,-6.51,4296.75,128.44,2782.99759,1638.96241
2026-08-23T15:15:00,NSW1,-2.07,7424.46,-672.25,3211.99909,3489.64091
2026-08-23T15:15:00,QLD1,-4.09,4941.71,1006.4,3419.27783,2462.15217
2026-08-23T15:15:00,SA1,-1.84011,574.71,-5.82,83.00233,477.11767
2026-08-23T15:15:00,TAS1,-2.1196,1006.34,-392,403.80226,210.53774
2026-08-23T15:15:00,VIC1,-2.00342,4267.14,199.33,2821.00269,1635.83731
2026-08-23T15:20:00,NSW1,12.55032,7478.35,-716.25,3248.74075,3456.45925
2026-08-23T15:20:00,QLD1,-5,4713.08,1089.54,3411.96026,2315.56974
2026-08-23T15:20:00,SA1,-3.23911,606.17,-42.22,83.00468,473.62532
2026-08-23T15:20:00,TAS1,-3.69109,1002.2,-381.04,403.80021,217.35979
2026-08-23T15:20:00,VIC1,-3.5,4359.5,196.39,2873.99611,1674.78389
2026-08-23T15:25:00,NSW1,11.4,7516.14,-886.51,3219.10853,3348.37147
2026-08-23T15:25:00,QLD1,-5,4777.7,1112.73,3412.17698,2399.48302
2026-08-23T15:25:00,SA1,-1.09996,558.21,25.59,82.99788,490.78212
2026-08-23T15:25:00,TAS1,-1.27343,1015.76,-386.08,391.89675,237.78325
2026-08-23T15:25:00,VIC1,-1.20757,4355.65,299.17,2904.99553,1735.85447
2026-08-23T15:30:00,NSW1,23.74022,7422.66,-755.9,3300.9249,3306.4751
2026-08-23T15:30:00,QLD1,-2.15,4995.83,1115.7,3421.83525,2611.94475
2026-08-23T15:30:00,SA1,-4.3239,681.49,-149.95,83.00347,444.81653
2026-08-23T15:30:00,TAS1,-4.82,1012.35,-392.24,369.48283,250.62717
2026-08-23T15:30:00,VIC1,-4.55677,4326.55,328.08,2919.0022,1730.7678
2026-08-23T15:35:00,NSW1,0.00002,7580.39,-907.65,3352.7808,3281.2292
2026-08-23T15:35:00,QLD1,0.00002,5016.52,1009.98,3460.4316,2516.4384
2026-08-23T15:35:00,SA1,-0.09387,692.1,-100.09,114.99674,471.53326
2026-08-23T15:35:00,TAS1,-0.10479,1018.53,-341.78,422.89996,253.85004
2026-08-23T15:35:00,VIC1,-0.1,4352.13,443.41,3118.84626,1666.66374
2026-08-23T15:40:00,NSW1,23.11022,7309.61,-668.75,3508.54102,3110.96898
2026-08-23T15:40:00,QLD1,20.13572,5133.67,808.26,3494.81516,2417.82484
2026-08-23T15:40:00,SA1,-4.3696,707.95,-145.25,131.49523,426.88477
2026-08-23T15:40:00,TAS1,-4.82,1025.37,-341.53,409.3278,274.5122
2026-08-23T15:40:00,VIC1,-4.60003,4377.84,408.47,3206.0023,1574.0677
2026-08-23T15:45:00,NSW1,12.36028,7375.55,-611.75,3569.65088,3176.84912
2026-08-23T15:45:00,QLD1,10.92168,5261.56,738.7,3528.92894,2447.32106
2026-08-23T15:45:00,SA1,-0.04663,672.44,-63.43,135.99617,465.77383
2026-08-23T15:45:00,TAS1,-0.05288,1027.02,-388.28,367.7991,270.9409
2026-08-23T15:45:00,VIC1,-0.05,4589.71,384.93,3240.99908,1722.02092
2026-08-23T15:50:00,NSW1,27.70513,7423.27,-550.88,3725.45389,3132.07611
2026-08-23T15:50:00,QLD1,24.65,5252.73,703.31,3563.31937,2371.14063
2026-08-23T15:50:00,SA1,-3.67,667.69,-131.24,136.99689,394.01311
2026-08-23T15:50:00,TAS1,-3.3792,1033.14,-430.4,348.89767,253.84233
2026-08-23T15:50:00,VIC1,-3.87096,4431.37,462.66,3302.00499,1580.45501
2026-08-23T15:55:00,NSW1,23.55,7459.54,-540.17,3795.92556,3111.19444
2026-08-23T15:55:00,QLD1,21.24839,5337.45,635.55,3590.25892,2365.54108
2026-08-23T15:55:00,SA1,0,712.4,-118.6,136.00419,451.82581
2026-08-23T15:55:00,TAS1,15.1,1044.69,-441,349.99834,253.69166
2026-08-23T15:55:00,VIC1,0,4592.44,513.96,3332.00318,1760.07682
2026-08-23T16:00:00,NSW1,42.88,7264.35,-307.79,3905.90436,3045.98564
2026-08-23T16:00:00,QLD1,39.73924,5415.76,481.94,3654.68561,2233.65439
2026-08-23T16:00:00,SA1,-0.04695,694.14,-91.99,136.00136,459.74864
2026-08-23T16:00:00,TAS1,15.1,1063.63,-441,365.11586,257.51414
2026-08-23T16:00:00,VIC1,-0.05,4679.23,391.62,3348.002,1710.508
2026-08-23T16:05:00,NSW1,28.95,7635.76,-497.35,4143.03502,2987.41498
2026-08-23T16:05:00,QLD1,26.85117,5525.93,477.82,3846.72636,2148.02364
2026-08-23T16:05:00,SA1,10.03574,775.15,-95.26,156.00132,517.35868
2026-08-23T16:05:00,TAS1,12.03425,1078.64,-417.59,408.90338,252.14662
2026-08-23T16:05:00,VIC1,10.65,4650.27,572.9,3455.28837,1750.85163
2026-08-23T16:10:00,NSW1,52.29,7406.58,-77.88,4298.52893,3029.90107
2026-08-23T16:10:00,QLD1,49.19303,5622.62,382.89,3969.15968,2031.17032
2026-08-23T16:10:00,SA1,-3.3219,743.58,-134.09,183.98552,420.00448
2026-08-23T16:10:00,TAS1,-2.96337,1093.97,-429.81,408.90299,255.25701
2026-08-23T16:10:00,VIC1,-3.5,4743.96,278.66,3517.34545,1496.45455
2026-08-23T16:15:00,NSW1,28.95,7739.97,-448.58,4448.94998,2836.42002
2026-08-23T16:15:00,QLD1,27.61431,5701.29,334.2,3988.72576,2043.18424
2026-08-23T16:15:00,SA1,13.28867,693.09,7.55,214.51991,475.25009
2026-08-23T16:15:00,TAS1,16.1,1105.02,-431.9,420.05247,253.06753
2026-08-23T16:15:00,VIC1,14.43181,4783.42,585.22,3725.12727,1617.50273
2026-08-23T16:20:00,NSW1,56.92266,7393.66,-112.92,4572.84578,2708.73422
2026-08-23T16:20:00,QLD1,54.73008,5813.05,299.29,4137.18233,1972.69767
2026-08-23T16:20:00,SA1,-0.04662,740.6,-60.63,242.06367,429.97633
2026-08-23T16:20:00,TAS1,0.68699,1119.69,-419.71,440.90016,259.07984
2026-08-23T16:20:00,VIC1,-0.05,4921.8,315.77,3683.16043,1542.16957
2026-08-23T16:25:00,NSW1,42.88,7511.26,-307.06,4636.95879,2564.46121
2026-08-23T16:25:00,QLD1,41.81764,5930.7,211.08,4185.84712,1955.26288
2026-08-23T16:25:00,SA1,38.04768,761.15,-69.24,265.0019,426.8981
2026-08-23T16:25:00,TAS1,41.75077,1129.76,-351.67,527.89929,250.19071
2026-08-23T16:25:00,VIC1,39.87164,4935.11,529.34,3909.59389,1545.86611
2026-08-23T16:30:00,NSW1,65.51,7563.95,-427.5,4799.0553,2332.5647
2026-08-23T16:30:00,QLD1,63.16231,6053.68,296.22,4394.27359,1953.66641
2026-08-23T16:30:00,SA1,59.23459,729,-102.53,265.00412,363.44588
2026-08-23T16:30:00,TAS1,64.20316,1144.5,-378.3,527.89749,238.30251
2026-08-23T16:30:00,VIC1,60.94184,5016.22,627.02,4124.15194,1508.98806
2026-08-23T16:35:00,NSW1,60.04222,7767.01,-573.02,5024.28576,2158.46424
2026-08-23T16:35:00,QLD1,54.45,5769.61,616.22,4512.3108,1858.9392
2026-08-23T16:35:00,SA1,55.62012,766.23,-105.58,265.00376,397.65624
2026-08-23T16:35:00,TAS1,58.57786,1149.42,-226.23,675.81375,247.37625
2026-08-23T16:35:00,VIC1,57.20033,5104.79,310.49,4172.87096,1244.33904
2026-08-23T16:40:00,NSW1,60.72667,7896.26,-728.74,5148.87085,2003.39915
2026-08-23T16:40:00,QLD1,54.75012,5818.16,647.89,4677.64951,1772.31049
2026-08-23T16:40:00,SA1,55.46623,764.65,-132.87,264.99717,369.12283
2026-08-23T16:40:00,TAS1,57.21121,1161.66,-159.35,748.7001,253.6099
2026-08-23T16:40:00,VIC1,56.60087,5230.75,403.38,4292.74702,1340.07298
2026-08-23T16:45:00,NSW1,65.51,7897.09,-698.46,5362.41384,1823.46616
2026-08-23T16:45:00,QLD1,59.92199,5946.7,572.12,4841.45586,1665.64414
2026-08-23T16:45:00,SA1,59.69198,787.4,-163.62,266.99601,359.40399
2026-08-23T16:45:00,TAS1,15.18,1161.11,0,916.24359,244.86641
2026-08-23T16:45:00,VIC1,60.67567,5357.97,315.13,4385.49733,1284.28267
2026-08-23T16:50:00,NSW1,68.88402,7986.95,-709.36,5613.88693,1650.46307
2026-08-23T16:50:00,QLD1,62.7,6069.51,619.13,5069.58915,1605.47085
2026-08-23T16:50:00,SA1,64.52591,845.67,-237.76,266.99565,343.60435
2026-08-23T16:50:00,TAS1,61.76639,1166.46,119.85,1036.86329,249.44671
2026-08-23T16:50:00,VIC1,64.44323,5435.16,237.61,4423.87267,1243.53733
2026-08-23T16:55:00,NSW1,83.00973,8086.7,-636.56,6021.58456,1418.00544
2026-08-23T16:55:00,QLD1,76.15464,6171.09,589.74,5343.47372,1405.67628
2026-08-23T16:55:00,SA1,78.65593,905.75,-233.4,352.8656,321.9444
2026-08-23T16:55:00,TAS1,76.22946,1186.44,100.64,1043.97592,243.11408
2026-08-23T16:55:00,VIC1,78.54,5575.18,202.11,4624.33786,1150.19214
2026-08-23T17:00:00,NSW1,82.9,8101.55,-543.68,6367.57225,1183.96775
2026-08-23T17:00:00,QLD1,77.76278,6417.51,480.46,5587.85753,1303.80247
2026-08-23T17:00:00,SA1,80.06132,955.69,-290.9,365.99711,300.68289
2026-08-23T17:00:00,TAS1,77.83665,1197.51,91.28,1051.53762,237.25238
2026-08-23T17:00:00,VIC1,78.65788,5625.83,276.66,4795.99957,1103.42043
2026-08-23T17:05:00,NSW1,69.99,8183.6,-310.35,6864.86994,1003.00006
2026-08-23T17:05:00,QLD1,70.99,6626.17,50.49,5459.22248,1217.94752
2026-08-23T17:05:00,SA1,67.00441,1030.96,-370.96,358.46996,301.82004
2026-08-23T17:05:00,TAS1,59.83322,1217.31,273.54,1252.14386,238.71614
2026-08-23T17:05:00,VIC1,64.58779,5756.34,384.19,5092.18066,1026.01934
2026-08-23T17:10:00,NSW1,69.99,8287.01,-294.7,7171.84005,816.01995
2026-08-23T17:10:00,QLD1,70.99,6698.63,50.47,5662.66361,1086.96639
2026-08-23T17:10:00,SA1,67.90196,1118.42,-394.76,428.00118,294.57882
2026-08-23T17:10:00,TAS1,60.09889,1235.22,275.65,1273.01385,237.85615
2026-08-23T17:10:00,VIC1,64.88121,5832.04,390.6,5251.00195,949.38805
2026-08-23T17:15:00,NSW1,74.57535,8364.08,-424.52,7292.76762,644.21238
2026-08-23T17:15:00,QLD1,72.5,6731.58,282.27,6018.54176,994.85824
2026-08-23T17:15:00,SA1,74.84189,1175.65,-443.4,452.42205,276.69795
2026-08-23T17:15:00,TAS1,65.23221,1261.52,271.52,1280.40058,252.62942
2026-08-23T17:15:00,VIC1,70.41848,5828.84,339.72,5250.99917,898.13083
2026-08-23T17:20:00,NSW1,82.9,8419.14,-500.95,7488.77328,425.94672
2026-08-23T17:20:00,QLD1,79.67274,6837.87,362.17,6311.18766,887.10234
2026-08-23T17:20:00,SA1,84.44,1198.81,-469.39,469.65679,255.56321
2026-08-23T17:20:00,TAS1,72.77199,1261.07,308.89,1319.47403,250.49597
2026-08-23T17:20:00,VIC1,79.06465,5955.9,331.8,5415.99532,848.59468
2026-08-23T17:25:00,NSW1,84.67,8559.43,-630.72,7570.09354,352.11646
2026-08-23T17:25:00,QLD1,79.36117,6895.07,502.92,6580.52279,811.77721
2026-08-23T17:25:00,SA1,84.51,1223.05,-366.95,613.84902,241.20098
2026-08-23T17:25:00,TAS1,74.37185,1267.48,306.46,1328.48387,245.45613
2026-08-23T17:25:00,VIC1,80.82234,6079.54,221.29,5476.9955,804.0745
2026-08-23T17:30:00,NSW1,90.01,8607.04,-547.29,7759.47851,293.77149
2026-08-23T17:30:00,QLD1,83.40708,6999.14,582.88,6784.58868,789.00132
2026-08-23T17:30:00,SA1,91.6615,1229.73,-359.07,637.9958,231.9142
2026-08-23T17:30:00,TAS1,82.26477,1287.97,235.74,1270.06328,253.64672
2026-08-23T17:30:00,VIC1,88.02823,6143.13,114.1,5480.99733,765.55267
2026-08-23T17:35:00,NSW1,82.9,8661.31,-709.58,7707.95663,235.94337
2026-08-23T17:35:00,QLD1,77.38576,7071.44,536.16,6785.54282,815.76718
2026-08-23T17:35:00,SA1,82.8088,1255.84,-418.32,620.99942,214.30058
2026-08-23T17:35:00,TAS1,72.53667,1291.62,293.18,1338.50204,246.30796
2026-08-23T17:35:00,VIC1,78.59685,6247.97,336.3,5831.00221,731.87779
2026-08-23T17:40:00,NSW1,82.9,8776.76,-720.14,7814.64854,233.75146
2026-08-23T17:40:00,QLD1,76.9036,7088.07,574.75,6830.81159,824.23841
2026-08-23T17:40:00,SA1,82.21761,1327.53,-342.46,789.99605,193.98395
2026-08-23T17:40:00,TAS1,73.05633,1305.87,279.41,1339.25556,246.02444
2026-08-23T17:40:00,VIC1,78.92493,6337.35,243.48,5858.99815,703.86185
2026-08-23T17:45:00,NSW1,82.9,8848.31,-437.73,8168.74392,236.58608
2026-08-23T17:45:00,QLD1,76.98815,7170.21,566.53,6839.18579,890.43421
2026-08-23T17:45:00,SA1,85.9086,1362.52,-313.22,857.99865,190.64135
2026-08-23T17:45:00,TAS1,77.00985,1327.23,258.83,1340.35017,245.70983
2026-08-23T17:45:00,VIC1,82.94333,6397.71,-49.47,5687.99701,648.34299
2026-08-23T17:50:00,NSW1,82.9,8937.26,-488.4,8197.5195,243.9805
2026-08-23T17:50:00,QLD1,76.3,7170.63,629.69,6857.68525,932.94475
2026-08-23T17:50:00,SA1,85.49155,1365.42,-287.75,891.00338,186.47662
2026-08-23T17:50:00,TAS1,77.01657,1331.57,257.74,1339.33382,249.97618
2026-08-23T17:50:00,VIC1,82.95599,6450.09,-82.65,5679.00246,677.04754
2026-08-23T17:55:00,NSW1,84.67,9078.46,-512.68,8313.0502,245.7298
2026-08-23T17:55:00,QLD1,78.15226,7191.48,619.1,6849.68487,951.70513
2026-08-23T17:55:00,SA1,86.9281,1390.73,-280.51,925.00341,184.84659
2026-08-23T17:55:00,TAS1,78.37854,1345.22,252.63,1339.14772,258.70228
2026-08-23T17:55:00,VIC1,84.16057,6453.04,-50.72,5722.99472,668.05528
2026-08-23T18:00:00,NSW1,88.61756,9144.51,-528.36,8364.1636,245.4064
2026-08-23T18:00:00,QLD1,81.82,7215.8,605.69,6821.81484,991.15516
2026-08-23T18:00:00,SA1,91.26902,1436.5,-289.68,946.00347,200.14653
2026-08-23T18:00:00,TAS1,82.18258,1338.7,246.85,1342.01988,243.53012
2026-08-23T18:00:00,VIC1,88.26042,6568.74,-7.33,5888.99864,661.02136
2026-08-23T18:05:00,NSW1,84.67,9045.82,-292.06,8493.4378,253.3822
2026-08-23T18:05:00,QLD1,78.52,7302,585.35,6857.44764,1022.55236
2026-08-23T18:05:00,SA1,92.27107,1452.75,-366.57,870.00165,213.72835
2026-08-23T18:05:00,TAS1,81.05166,1359.63,272.22,1382.09001,249.75999
2026-08-23T18:05:00,VIC1,87.6,6680.81,-164.98,5836.59833,662.00167
2026-08-23T18:10:00,NSW1,83.10263,9045.74,-387.86,8392.4949,257.0451
2026-08-23T18:10:00,QLD1,76.3,7273.34,637.06,6844.44799,1056.30201
2026-08-23T18:10:00,SA1,87.75844,1459.11,-264.35,963.99783,230.35217
2026-08-23T18:10:00,TAS1,78.73028,1362.74,274.25,1384.90617,252.07383
2026-08-23T18:10:00,VIC1,85.09267,6669.52,-226.11,5739.99694,688.81306
2026-08-23T18:15:00,NSW1,83.3427,9165.69,-242.15,8646.70879,268.85121
2026-08-23T18:15:00,QLD1,77.18409,7306.65,586.19,6766.09024,1119.37976
2026-08-23T18:15:00,SA1,93.73781,1501.8,-426.68,814.00033,256.37967
2026-08-23T18:15:00,TAS1,80.78795,1355.07,295.13,1388.69642,261.50358
2026-08-23T18:15:00,VIC1,87.6,6733.71,-169.42,5827.53354,713.78646
2026-08-23T18:20:00,NSW1,84.38487,9204.78,-265.1,8652.6447,279.4953
2026-08-23T18:20:00,QLD1,78.51,7366.56,585.17,6785.25438,1159.30562
2026-08-23T18:20:00,SA1,91.64993,1500.39,-314.96,903.99929,279.89071
2026-08-23T18:20:00,TAS1,80.93022,1351.47,309.01,1389.168,271.302
2026-08-23T18:20:00,VIC1,88.04,6822.03,-277.33,5821.85654,702.30346
2026-08-23T18:25:00,NSW1,89.61197,9164.66,-482.96,8371.9255,292.2345
2026-08-23T18:25:00,QLD1,79.73,7326.47,824.33,6948.63393,1182.75607
2026-08-23T18:25:00,SA1,100.04348,1533.91,-413.64,811.99829,303.64171
2026-08-23T18:25:00,TAS1,86.12903,1358.23,309.53,1388.0267,279.7333
2026-08-23T18:25:00,VIC1,93.69732,6854.61,-171.72,5958.99978,699.93022
2026-08-23T18:30:00,NSW1,82.9,9206.17,-439.35,8432.56995,324.90005
2026-08-23T18:30:00,QLD1,76.13,7290.93,664.84,6731.99972,1212.93028
2026-08-23T18:30:00,SA1,89.53755,1524.81,-339.1,870.00187,313.37813
2026-08-23T18:30:00,TAS1,78.09129,1353.27,327.42,1385.56771,295.12229
2026-08-23T18:30:00,VIC1,85.22179,6829.29,-170.4,5896.99621,741.00379
2026-08-23T18:35:00,NSW1,82.9,9248.73,-262.34,8641.212,334.958
2026-08-23T18:35:00,QLD1,76.3,7338.92,629.09,6730.88138,1228.03862
2026-08-23T18:35:00,SA1,91.42334,1564.87,-310.47,913.9973,338.3827
2026-08-23T18:35:00,TAS1,80.14866,1349.36,317.16,1374.41095,292.10905
2026-08-23T18:35:00,VIC1,87.46376,6827.51,-328.58,5725.99757,749.39243
2026-08-23T18:40:00,NSW1,84.67,9181.16,-331.95,8501.50147,341.91853
2026-08-23T18:40:00,QLD1,78.73341,7280.01,552.38,6561.57932,1264.63068
2026-08-23T18:40:00,SA1,90.81368,1562.65,-282.2,915.99688,363.00312
2026-08-23T18:40:00,TAS1,79.89651,1333.24,317.38,1373.5666,277.0534
2026-08-23T18:40:00,VIC1,87.19132,6796.99,-222.74,5792.99441,761.78559
2026-08-23T18:45:00,NSW1,85.58797,9211.83,-463.03,8378.92355,360.36645
2026-08-23T18:45:00,QLD1,78.51,7215.66,662.94,6530.23433,1337.22567
2026-08-23T18:45:00,SA1,90.53556,1583.93,-253.28,940.0017,389.6083
2026-08-23T18:45:00,TAS1,80.68209,1339.85,297.07,1350.28325,286.63675
2026-08-23T18:45:00,VIC1,87.499,6784.49,-204.99,5760.00129,802.47871
2026-08-23T18:50:00,NSW1,82.9,9159.65,-522.21,8253.7317,370.1483
2026-08-23T18:50:00,QLD1,74.63695,7253.17,756.2,6633.19429,1360.34571
2026-08-23T18:50:00,SA1,88.92105,1599.01,-268.18,903.00322,426.44678
2026-08-23T18:50:00,TAS1,78.38404,1320.32,319.58,1352.36144,287.53856
2026-08-23T18:50:00,VIC1,85.55035,6820.67,-234.79,5729.99758,836.05242
2026-08-23T18:55:00,NSW1,82.9,9207.48,-435.61,8375.3865,385.2135
2026-08-23T18:55:00,QLD1,75.57221,7225.47,691.37,6522.51125,1381.83875
2026-08-23T18:55:00,SA1,89.54,1607.35,-283.43,886.74318,435.39682
2026-08-23T18:55:00,TAS1,78.56737,1324.06,319.28,1355.35142,287.98858
2026-08-23T18:55:00,VIC1,85.75054,6849.64,-245.29,5725.00063,858.56937
2026-08-23T19:00:00,NSW1,84.19939,9168.85,-398.19,8360.9737,397.7763
2026-08-23T19:00:00,QLD1,76.71927,7190.07,691.43,6458.09082,1410.74918
2026-08-23T19:00:00,SA1,90.66431,1593.55,-241.14,914.00342,437.55658
2026-08-23T19:00:00,TAS1,80.25954,1321.89,317.29,1353.58915,285.60085
2026-08-23T19:00:00,VIC1,87.6,6856.64,-323.4,5600.79036,911.87964
2026-08-23T19:05:00,NSW1,82.9,9096.27,-480.8,8192.2875,415.0425
2026-08-23T19:05:00,QLD1,76.3,7172.84,629.77,6343.63577,1449.20423
2026-08-23T19:05:00,SA1,85.51764,1599.67,-149.02,991.99513,458.84487
2026-08-23T19:05:00,TAS1,77.16168,1315.98,315.14,1352.89653,278.21347
2026-08-23T19:05:00,VIC1,84.22012,6852.35,-280.52,5614.99654,939.98346
2026-08-23T19:10:00,NSW1,82.9,9096.6,-506.37,8161.047,422.363
2026-08-23T19:10:00,QLD1,76.47772,7162.88,597.73,6312.64978,1439.53022
2026-08-23T19:10:00,SA1,85.85819,1604.59,-209.44,938.00498,456.70502
2026-08-23T19:10:00,TAS1,76.54274,1313.23,317.87,1352.89967,278.20033
2026-08-23T19:10:00,VIC1,83.54238,6840.66,-166.88,5704.99766,951.56234
2026-08-23T19:15:00,NSW1,79.21346,9114.26,-379.65,8283.3104,446.3696
2026-08-23T19:15:00,QLD1,74,7148.78,526.67,6196.92201,1472.79799
2026-08-23T19:15:00,SA1,83.02478,1608.21,-239.01,904.00087,464.26913
2026-08-23T19:15:00,TAS1,73.71003,1312.56,324.45,1353.90178,283.10822
2026-08-23T19:15:00,VIC1,80.44546,6797,-202.16,5659.00097,917.12903
2026-08-23T19:20:00,NSW1,80.05119,9066.09,-384.44,8229.046,447.854
2026-08-23T19:20:00,QLD1,74.75372,7114.17,520.03,6155.97949,1472.63051
2026-08-23T19:20:00,SA1,83.67,1612.4,-209.79,927.8039,474.2461
2026-08-23T19:20:00,TAS1,74.27307,1304.87,337.73,1352.7973,289.8027
2026-08-23T19:20:00,VIC1,81.30985,6748.35,-233.25,5573.9978,921.7322
2026-08-23T19:25:00,NSW1,82.9,9011.62,-385.55,8165.4403,452.9997
2026-08-23T19:25:00,QLD1,76.52543,7212.52,599.08,6314.82525,1488.47475
2026-08-23T19:25:00,SA1,87.40843,1609.63,-176.04,936.85999,496.60001
2026-08-23T19:25:00,TAS1,78.46856,1309.02,326.84,1352.69981,283.16019
2026-08-23T19:25:00,VIC1,85.6366,6793.26,-329.1,5521.997,922.983
2026-08-23T19:30:00,NSW1,82.80377,9008.15,-540.73,7995.9934,463.3266
2026-08-23T19:30:00,QLD1,76.3,7064.27,627.61,6185.9114,1495.8686
2026-08-23T19:30:00,SA1,84.46596,1594.88,-134.96,955.0042,505.1358
2026-08-23T19:30:00,TAS1,76.1875,1300.97,340.01,1352.89937,288.08063
2026-08-23T19:30:00,VIC1,83.40318,6731.73,-255.59,5497.99809,959.79191
2026-08-23T19:35:00,NSW1,82.37554,9040.45,-469.73,8103.9936,459.9064
2026-08-23T19:35:00,QLD1,76.3,6965.83,580.93,6039.64374,1498.63626
2026-08-23T19:35:00,SA1,84.44,1594.37,-129.26,951.76654,513.60346
2026-08-23T19:35:00,TAS1,76.83878,1300.47,301.06,1339.8004,261.7296
2026-08-23T19:35:00,VIC1,83.58451,6684.27,-252.8,5456.99796,959.31204
2026-08-23T19:40:00,NSW1,81.32057,9060.41,-458.64,8115.9209,475.2591
2026-08-23T19:40:00,QLD1,74,6947.91,666.48,6072.11407,1529.79593
2026-08-23T19:40:00,SA1,84.44,1583.92,-146.33,921.53287,516.25713
2026-08-23T19:40:00,TAS1,76.65436,1302.78,299.72,1339.89783,262.60217
2026-08-23T19:40:00,VIC1,83.12338,6694.84,-322.29,5411.00196,945.47804
2026-08-23T19:45:00,NSW1,82.9,8924.68,-318.09,8114.8241,482.9059
2026-08-23T19:45:00,QLD1,76.3,6955.19,595.08,6026.51764,1514.67236
2026-08-23T19:45:00,SA1,87.50711,1574.98,-146.66,895.00164,533.51836
2026-08-23T19:45:00,TAS1,79.45478,1299.13,297.06,1339.34558,256.85442
2026-08-23T19:45:00,VIC1,86.15975,6684.32,-392.21,5361.99969,912.66031
2026-08-23T19:50:00,NSW1,82.9,8969.54,-261.41,8218.6434,477.8066
2026-08-23T19:50:00,QLD1,76.13,6913.49,630.86,6024.90799,1508.58201
2026-08-23T19:50:00,SA1,87.48707,1565.35,-71.45,947.00478,547.32522
2026-08-23T19:50:00,TAS1,80.45494,1299.39,308.55,1339.89697,268.03303
2026-08-23T19:50:00,VIC1,87.51387,6666.05,-563.89,5170.00207,911.61793
2026-08-23T19:55:00,NSW1,82.9,8867.49,-355.39,8021.2899,480.9801
2026-08-23T19:55:00,QLD1,76.2293,6893.98,624.37,5987.75189,1519.97811
2026-08-23T19:55:00,SA1,85.70472,1553.54,-59.93,922.0032,572.0168
2026-08-23T19:55:00,TAS1,78.88345,1289.17,320.13,1354.52115,254.78885
2026-08-23T19:55:00,VIC1,86.06958,6606.73,-490.46,5202.00082,895.58918
2026-08-23T20:00:00,NSW1,81.6303,8857.95,-308.32,8043.262,499.068
2026-08-23T20:00:00,QLD1,75.59823,6948.46,559.12,5956.59701,1543.38299
2026-08-23T20:00:00,SA1,84.44,1553.43,-64.81,905.67603,583.35397
2026-08-23T20:00:00,TAS1,77.70293,1295.37,322.59,1357.36144,260.59856
2026-08-23T20:00:00,VIC1,84.78205,6620.36,-475.46,5226.00186,900.26814
2026-08-23T20:05:00,NSW1,85.80461,8900.53,-573.56,7807.9182,504.0618
2026-08-23T20:05:00,QLD1,76.87062,6859.96,767.02,6065.73869,1542.95131
2026-08-23T20:05:00,SA1,88.65345,1549.24,-139.71,820.99848,588.75152
2026-08-23T20:05:00,TAS1,80.29226,1283.03,323.05,1347.73694,258.34306
2026-08-23T20:05:00,VIC1,87.6,6542.26,-326.32,5294.29172,904.21828
2026-08-23T20:10:00,NSW1,74.84681,8806.25,-163.24,8123.8722,509.9478
2026-08-23T20:10:00,QLD1,69.69,6868.87,547.99,5837.02204,1572.37796
2026-08-23T20:10:00,SA1,80.75632,1535.29,-204.17,709.99652,620.77348
2026-08-23T20:10:00,TAS1,72.56399,1293.81,311.58,1346.81482,258.58518
2026-08-23T20:10:00,VIC1,78.91434,6524.81,-453.26,5140.99647,908.64353
2026-08-23T20:15:00,NSW1,78.44917,8877.54,-261.66,8071.3628,531.9472
2026-08-23T20:15:00,QLD1,71.68,6908.12,650.91,5935.00699,1612.14301
2026-08-23T20:15:00,SA1,84.44,1528.24,-188.88,698.19861,641.04139
2026-08-23T20:15:00,TAS1,75.76588,1283.9,325.71,1347.77169,261.83831
2026-08-23T20:15:00,VIC1,82.65741,6524.89,-478.9,5110.99954,912.37046
2026-08-23T20:20:00,NSW1,90.49,8894.54,-624.76,7724.2808,525.5792
2026-08-23T20:20:00,QLD1,79.5157,6842.26,860.99,6051.97922,1626.98078
2026-08-23T20:20:00,SA1,94.6533,1547.7,-157.9,708.99847,680.84153
2026-08-23T20:20:00,TAS1,85.3351,1275.79,327.39,1347.50171,255.67829
2026-08-23T20:20:00,VIC1,93.09152,6469.03,-343.22,5235.00206,872.47794
2026-08-23T20:25:00,NSW1,85.24446,8828.49,-674.2,7590.6017,548.2583
2026-08-23T20:25:00,QLD1,76.3,6777.2,780.68,5911.09645,1627.34355
2026-08-23T20:25:00,SA1,84.55415,1525.68,-20.89,788.00263,717.01737
2026-08-23T20:25:00,TAS1,77.89669,1264.99,359.75,1351.00541,273.73459
2026-08-23T20:25:00,VIC1,85.51011,6435.8,-390.9,5136.99713,888.11287
2026-08-23T20:30:00,NSW1,82.9,8787.44,-753.53,7436.2597,582.4203
2026-08-23T20:30:00,QLD1,74.20064,6774.34,774.04,5880.82936,1648.49064
2026-08-23T20:30:00,SA1,80.32792,1527.93,10.03,796.0023,741.9577
2026-08-23T20:30:00,TAS1,56.18,1263.32,363.7,1339.56246,287.45754
2026-08-23T20:30:00,VIC1,81.85858,6444.26,-339.38,5156.99448,927.31552
2026-08-23T20:35:00,NSW1,82.09967,8815.96,-678.44,7515.8446,602.0054
2026-08-23T20:35:00,QLD1,72.5,6732.94,855.34,5910.35255,1653.42745
2026-08-23T20:35:00,SA1,83.21,1540.62,-86.4,670.04933,784.57067
2026-08-23T20:35:00,TAS1,75.71923,1252.56,355.06,1322.17043,285.44957
2026-08-23T20:35:00,VIC1,83.13327,6513.59,-382.09,5172.00027,939.79973
2026-08-23T20:40:00,NSW1,77.89008,8808.53,-383.82,7795.3595,617.8005
2026-08-23T20:40:00,QLD1,70.68477,6860.72,668.69,5840.60483,1675.90517
2026-08-23T20:40:00,SA1,81.19711,1510.92,-121.66,576.00483,813.65517
2026-08-23T20:40:00,TAS1,56.2,1250.38,363.7,1319.21759,294.86241
2026-08-23T20:40:00,VIC1,80.67,6481.39,-480.54,5031.40148,947.11852
2026-08-23T20:45:00,NSW1,86.60698,8774.74,-687.87,7449.5939,618.6161
2026-08-23T20:45:00,QLD1,76.62784,6877.63,850.38,6035.40474,1669.24526
2026-08-23T20:45:00,SA1,86.60302,1526.97,-27.22,650.00067,850.00933
2026-08-23T20:45:00,TAS1,80.04847,1240.69,340.6,1287.90073,293.38927
2026-08-23T20:45:00,VIC1,87.6,6433.12,-415.78,5019.98813,979.01187
2026-08-23T20:50:00,NSW1,84.67,8698.73,-664.98,7385.3275,632.1025
2026-08-23T20:50:00,QLD1,75.33602,6798.91,800.93,5915.65245,1663.66755
2026-08-23T20:50:00,SA1,83.55175,1506.15,39.21,649.99898,895.02102
2026-08-23T20:50:00,TAS1,78.46076,1244.53,322.99,1287.90369,279.62631
2026-08-23T20:50:00,VIC1,85.59059,6416.58,-443.73,4963.99893,991.62107
2026-08-23T20:55:00,NSW1,81.68482,8610.04,-773.07,7169.0478,651.7822
2026-08-23T20:55:00,QLD1,72.73099,6863.08,800.93,5978.29068,1665.46932
2026-08-23T20:55:00,SA1,78.22959,1510.69,69.89,633.99844,945.83156
2026-08-23T20:55:00,TAS1,74.18517,1246.03,308.03,1287.89728,266.16272
2026-08-23T20:55:00,VIC1,80.67,6383.73,-352.2,5007.31494,1007.76506
2026-08-23T21:00:00,NSW1,71.4,8580.75,-362.97,7547.6929,658.0571
2026-08-23T21:00:00,QLD1,64.93,6818.42,666.92,5827.76963,1644.65037
2026-08-23T21:00:00,SA1,72.36837,1535.15,61,601.99597,993.60403
2026-08-23T21:00:00,TAS1,68.49647,1249.54,308.17,1287.89836,269.81164
2026-08-23T21:00:00,VIC1,74.48,6356.06,-628.43,4722.99475,985.43525
2026-08-23T21:05:00,NSW1,84.67005,8669.64,-769.95,7217.4241,662.2859
2026-08-23T21:05:00,QLD1,74.31195,6748.65,867.46,5957.59377,1633.28623
2026-08-23T21:05:00,SA1,81.99504,1531.31,109.16,589.00004,1050.20996
2026-08-23T21:05:00,TAS1,78.65219,1231.36,283.58,1268.70121,246.23879
2026-08-23T21:05:00,VIC1,84.9826,6267.84,-428.93,4830.9958,993.0642
2026-08-23T21:10:00,NSW1,80.51861,8633.54,-888.42,7069.0179,661.0521
2026-08-23T21:10:00,QLD1,72.49995,6737.62,731.89,5796.26366,1656.44634
2026-08-23T21:10:00,SA1,73.8609,1513.95,159.95,596.99739,1074.53261
2026-08-23T21:10:00,TAS1,71.56618,1232.66,298.15,1289.28214,241.52786
2026-08-23T21:10:00,VIC1,77.56607,6261.67,-247.26,4937.00177,1057.31823
2026-08-23T21:15:00,NSW1,77.23033,8588.55,-826.78,7102.365,645.865
2026-08-23T21:15:00,QLD1,69.48841,6682.39,706.36,5731.72935,1641.38065
2026-08-23T21:15:00,SA1,70,1526.87,152.21,566.83799,1110.08201
2026-08-23T21:15:00,TAS1,68.93087,1237.51,282.79,1291.40309,228.89691
2026-08-23T21:15:00,VIC1,74.48,6275.41,-265.52,4916.2726,1075.9074
2026-08-23T21:20:00,NSW1,75.9425,8568.28,-854.63,7046.3658,649.1242
2026-08-23T21:20:00,QLD1,67.43474,6646.35,817.13,5792.6972,1648.4328
2026-08-23T21:20:00,SA1,67.44,1547.82,151.64,537.04759,1159.79241
2026-08-23T21:20:00,TAS1,68.71562,1229.25,292.75,1296.59023,225.39977
2026-08-23T21:20:00,VIC1,74.48,6266.82,-345.99,4824.84002,1078.22998
2026-08-23T21:25:00,NSW1,78.6381,8574.81,-851.9,7052.33892,655.67108
2026-08-23T21:25:00,QLD1,70.75109,6667.39,738.44,5752.08178,1636.27822
2026-08-23T21:25:00,SA1,72.23845,1553.67,175.55,577.77784,1148.88216
2026-08-23T21:25:00,TAS1,69.56385,1211.45,319.12,1301.11728,229.45272
2026-08-23T21:25:00,VIC1,75.87,6331.31,-325.46,4886.55667,1098.47333
2026-08-23T21:30:00,NSW1,71.38,8487.6,-837.58,6982.26908,656.15092
2026-08-23T21:30:00,QLD1,65.43525,6629.63,614.97,5614.53879,1618.90121
2026-08-23T21:30:00,SA1,64.45522,1521.9,161.87,490.00023,1191.33977
2026-08-23T21:30:00,TAS1,61.8413,1203.21,343.72,1316.9606,229.9694
2026-08-23T21:30:00,VIC1,67.65782,6198.4,-232.19,4820.0003,1120.6097
2026-08-23T21:35:00,NSW1,79.5874,8463.67,-964.97,6799.76747,683.77253
2026-08-23T21:35:00,QLD1,72.5,6645.23,661.53,5682.35547,1611.00453
2026-08-23T21:35:00,SA1,70.74943,1532.15,183.8,502.7137,1210.3663
2026-08-23T21:35:00,TAS1,68.07871,1202.71,330.21,1291.19839,241.72161
2026-08-23T21:35:00,VIC1,74.48,6191.09,-151.24,4842.74421,1169.20579
2026-08-23T21:40:00,NSW1,79.07551,8396.19,-977.99,6707.58017,695.83983
2026-08-23T21:40:00,QLD1,72.5,6641.38,596.64,5608.05465,1619.70535
2026-08-23T21:40:00,SA1,70,1512.32,155.2,430.86015,1234.45985
2026-08-23T21:40:00,TAS1,66.69322,1202.47,357.28,1287.21063,272.53937
2026-08-23T21:40:00,VIC1,73.18662,6134.56,-70.76,4841.99753,1188.66247
2026-08-23T21:45:00,NSW1,76.89115,8342.62,-1000.84,6628.65994,697.53006
2026-08-23T21:45:00,QLD1,70.93,6621,574.39,5555.97189,1630.04811
2026-08-23T21:45:00,SA1,67.44,1500.01,155.15,366.52595,1286.48405
2026-08-23T21:45:00,TAS1,64.30264,1206.82,351.18,1263.50866,294.48134
2026-08-23T21:45:00,VIC1,70.54851,6044.44,-17.72,4781.00425,1210.66575
2026-08-23T21:50:00,NSW1,70.9487,8337.14,-1085.96,6505.89446,725.97554
2026-08-23T21:50:00,QLD1,64.93,6501.34,609.16,5471.75105,1627.33895
2026-08-23T21:50:00,SA1,61.79374,1482.74,150.82,342.00483,1289.50517
2026-08-23T21:50:00,TAS1,58.99655,1207.58,335.51,1257.46318,285.62682
2026-08-23T21:50:00,VIC1,64.51415,5971.77,60.4,4781.00047,1214.00953
2026-08-23T21:55:00,NSW1,70.87503,8292.32,-1036.52,6501.28851,737.44149
2026-08-23T21:55:00,QLD1,64.93,6585.64,611.46,5534.57245,1651.32755
2026-08-23T21:55:00,SA1,62.0703,1505.58,161.5,336.99867,1327.81133
2026-08-23T21:55:00,TAS1,59.27905,1206.85,351.67,1264.18643,294.33357
2026-08-23T21:55:00,VIC1,65.03445,6027.54,-22.29,4780.99572,1188.96428
2026-08-23T22:00:00,NSW1,66.77266,8250.71,-981.22,6500.84883,752.98117
2026-08-23T22:00:00,QLD1,62.73002,6544.72,451.35,5341.09022,1650.02978
2026-08-23T22:00:00,SA1,57.304,1499.08,190.2,346.00492,1340.32508
2026-08-23T22:00:00,TAS1,54.94253,1200.17,357.73,1263.78089,294.12911
2026-08-23T22:00:00,VIC1,60.2724,5983.29,48.05,4774.99629,1213.79371
2026-08-23T22:05:00,NSW1,69.99,8116.2,-968.66,6376.18411,756.22589
2026-08-23T22:05:00,QLD1,64.81545,6427.39,555.45,5312.82719,1660.74281
2026-08-23T22:05:00,SA1,61.86888,1486.91,130.54,264.41283,1351.55717
2026-08-23T22:05:00,TAS1,58.89985,1198.68,315.3,1229.89787,284.08213
2026-08-23T22:05:00,VIC1,64.19401,5851.09,23.86,4579.39246,1264.94754
2026-08-23T22:10:00,NSW1,82.22694,8237.99,-1076.57,6360.94415,779.80585
2026-08-23T22:10:00,QLD1,73.74188,6419.26,720.59,5469.20503,1653.01497
2026-08-23T22:10:00,SA1,72.64951,1463.01,150.56,262.84564,1348.64436
2026-08-23T22:10:00,TAS1,69.82591,1196.95,313.3,1229.89945,280.35055
2026-08-23T22:10:00,VIC1,75.87,5875.17,-38.19,4525.54216,1282.12784
2026-08-23T22:15:00,NSW1,72.01877,8234.08,-1062.37,6350.9632,800.7268
2026-08-23T22:15:00,QLD1,64.93,6325.48,675.78,5302.42468,1683.33532
2026-08-23T22:15:00,SA1,64.27193,1455.23,79.26,157.00326,1376.67674
2026-08-23T22:15:00,TAS1,60.89647,1186.85,327.75,1229.69875,284.90125
2026-08-23T22:15:00,VIC1,66.37504,5862.26,46.92,4552.99566,1325.16434
2026-08-23T22:20:00,NSW1,72.04721,8283.04,-1110.95,6350.98767,798.94233
2026-08-23T22:20:00,QLD1,64.93,6296.76,689.93,5268.569,1701.711
2026-08-23T22:20:00,SA1,63.65251,1464.73,88.26,145.99778,1406.01222
2026-08-23T22:20:00,TAS1,60.19065,1177.31,338.9,1229.79671,286.40329
2026-08-23T22:20:00,VIC1,65.81091,5847.85,67.95,4533.00104,1348.26896
2026-08-23T22:25:00,NSW1,65.5,8171.96,-1220.86,6113.64003,811.24997
2026-08-23T22:25:00,QLD1,59.8257,6334.93,603.03,5206.66594,1719.57406
2026-08-23T22:25:00,SA1,56.19956,1454.97,79.68,122.00457,1411.85543
2026-08-23T22:25:00,TAS1,53.07882,1177.36,343.14,1229.69816,290.80184
2026-08-23T22:25:00,VIC1,58.03129,5824.86,281.59,4688.99755,1369.59245
2026-08-23T22:30:00,NSW1,60.75368,8128.14,-1356.02,5928.24152,810.83848
2026-08-23T22:30:00,QLD1,54.75,6283.6,697.17,5167.06646,1796.87354
2026-08-23T22:30:00,SA1,51.25777,1435.72,84.78,120.00423,1399.62577
2026-08-23T22:30:00,TAS1,42.12,1170.58,363.7,1229.21837,305.06163
2026-08-23T22:30:00,VIC1,52.93503,5726.97,315.66,4601.00075,1387.08925
2026-08-23T22:35:00,NSW1,64.95,8151.53,-1580.93,5683.98613,840.66387
2026-08-23T22:35:00,QLD1,57.38549,6235.1,811.71,5220.07593,1802.72407
2026-08-23T22:35:00,SA1,53.48228,1431.44,123.67,119.99958,1433.52042
2026-08-23T22:35:00,TAS1,50.79336,1159.97,358.16,1207.70208,310.42792
2026-08-23T22:35:00,VIC1,55.70565,5765.16,425.88,4721.99936,1402.09064
2026-08-23T22:40:00,NSW1,61.36726,8117.8,-1637.64,5587.2183,842.2117
2026-08-23T22:40:00,QLD1,54.5,6136.25,775.13,5080.47696,1808.79304
2026-08-23T22:40:00,SA1,48.45331,1414.02,216.11,119.9965,1506.3135
2026-08-23T22:40:00,TAS1,46.87118,1147.52,344.85,1207.79637,284.56363
2026-08-23T22:40:00,VIC1,50.9,5693.36,456.76,4640.53369,1431.03631
2026-08-23T22:45:00,NSW1,61.65011,8123.03,-1619.64,5608.93479,844.36521
2026-08-23T22:45:00,QLD1,54.73008,6111.37,768.49,5088.04542,1769.97458
2026-08-23T22:45:00,SA1,48.14873,1397,252.08,128.00221,1516.16779
2026-08-23T22:45:00,TAS1,46.94147,1151.3,330.59,1207.8993,273.9907
2026-08-23T22:45:00,VIC1,50.9,5603.35,423.01,4529.68222,1418.99778
2026-08-23T22:50:00,NSW1,60.88203,7987.63,-1537.75,5565.43057,838.80943
2026-08-23T22:50:00,QLD1,54.73008,6091.55,683.58,5009.4684,1748.7416
2026-08-23T22:50:00,SA1,47.6953,1382.11,265.18,120.00141,1521.88859
2026-08-23T22:50:00,TAS1,46.8619,1147.85,325.49,1196.89891,276.44109
2026-08-23T22:50:00,VIC1,50.9,5619.58,408.37,4512.34717,1438.70283
2026-08-23T22:55:00,NSW1,60.13229,7944.56,-1499.85,5550.66283,850.00717
2026-08-23T22:55:00,QLD1,54.73008,6065.36,633.27,4943.01911,1741.30089
2026-08-23T22:55:00,SA1,41.38801,1392.7,262.14,120.00186,1529.35814
2026-08-23T22:55:00,TAS1,40.22,1147.22,310.17,1172.8636,284.5264
2026-08-23T22:55:00,VIC1,39.24445,5569.87,434.68,4438.99542,1488.97458
2026-08-23T23:00:00,NSW1,60.899,7972.27,-1535.55,5545.995,845.155
2026-08-23T23:00:00,QLD1,54.73008,6077.51,703.48,4988.641,1774.189
2026-08-23T23:00:00,SA1,47.46372,1373.93,303.8,120.00167,1550.96833
2026-08-23T23:00:00,TAS1,46.85002,1145.66,341.74,1196.89871,290.50129
2026-08-23T23:00:00,VIC1,50.9,5706.91,334.8,4436.46943,1527.45057
2026-08-23T23:05:00,NSW1,62.13383,7982.59,-1659.4,5435.20504,834.52496
2026-08-23T23:05:00,QLD1,54.73012,5997.23,817.62,4976.38839,1812.84161
2026-08-23T23:05:00,SA1,40.97805,1361.23,300.02,95.00317,1559.49683
2026-08-23T23:05:00,TAS1,40.12,1142.74,199.12,1047.35421,294.49579
2026-08-23T23:05:00,VIC1,34.14894,5533.12,499.26,4436.0026,1525.5974
2026-08-23T23:10:00,NSW1,62.112,7893.49,-1670.41,5344.40575,824.71425
2026-08-23T23:10:00,QLD1,54.75,6046.98,798.22,5002.38384,1818.77616
2026-08-23T23:10:00,SA1,40.85082,1357.01,293.1,66.00208,1577.04792
2026-08-23T23:10:00,TAS1,40.2,1117.74,267.09,1101.98034,282.84966
2026-08-23T23:10:00,VIC1,37.90123,5552.83,475.7,4436.00441,1513.90559
2026-08-23T23:15:00,NSW1,62.55289,7874.21,-1653.47,5331.478,836.752
2026-08-23T23:15:00,QLD1,54.75,5991.44,836.9,4961.50424,1839.88576
2026-08-23T23:15:00,SA1,49.12018,1355.02,279,60.00454,1567.93546
2026-08-23T23:15:00,TAS1,48.50469,1116.6,311.73,1139.04282,289.28718
2026-08-23T23:15:00,VIC1,52.69103,5637.04,386.01,4436.00151,1512.43849
2026-08-23T23:20:00,NSW1,61.73164,7750.39,-1608.28,5268.1848,823.8452
2026-08-23T23:20:00,QLD1,54.75,6015.35,759.76,4914.35608,1839.10392
2026-08-23T23:20:00,SA1,48.02378,1338.32,310.73,59.99996,1581.62004
2026-08-23T23:20:00,TAS1,47.69755,1099.59,325.47,1139.12491,285.92509
2026-08-23T23:20:00,VIC1,51.97837,5649.88,371.44,4436.00103,1505.36897
2026-08-23T23:25:00,NSW1,64.89,7700.91,-1582.93,5266.03186,803.05814
2026-08-23T23:25:00,QLD1,57.9122,6011.93,736.98,4862.02665,1866.59335
2026-08-23T23:25:00,SA1,41.05495,1327.59,316.84,60.00426,1576.67574
2026-08-23T23:25:00,TAS1,40.12,1092.79,225.05,1044.53383,273.30617
2026-08-23T23:25:00,VIC1,33.5425,5559.48,453.74,4435.99734,1504.47266
2026-08-23T23:30:00,NSW1,64.89,7769.67,-1633.26,5269.31673,815.69327
2026-08-23T23:30:00,QLD1,57.52374,5985.06,785.18,4872.2549,1874.5351
2026-08-23T23:30:00,SA1,49.54406,1360.34,294.3,59.99885,1588.04115
2026-08-23T23:30:00,TAS1,48.8878,1091.46,322.77,1133.14902,281.08098
2026-08-23T23:30:00,VIC1,52.39289,5610.15,391.25,4436.00035,1486.60965
2026-08-23T23:35:00,NSW1,62.18815,7773.43,-1648.84,5243.03572,829.14428
2026-08-23T23:35:00,QLD1,54.75,5947.61,821.71,4859.59063,1883.62937
2026-08-23T23:35:00,SA1,45.14876,1360.45,283.45,60.00109,1577.71891
2026-08-23T23:35:00,TAS1,45.04052,1093.3,235.85,1042.90107,286.24893
2026-08-23T23:35:00,VIC1,45.59485,5548.13,462.63,4435.99895,1504.63105
2026-08-23T23:40:00,NSW1,60.57532,7617.6,-1479.28,5240.9907,854.9093
2026-08-23T23:40:00,QLD1,54.73004,5970.69,635.59,4714.17004,1877.36996
2026-08-23T23:40:00,SA1,40.47078,1387.6,267.82,59.99731,1589.73269
2026-08-23T23:40:00,TAS1,40.12,1083.98,190.56,990.67224,283.86776
2026-08-23T23:40:00,VIC1,37.34739,5526.08,513.46,4435.99749,1538.24251
2026-08-23T23:45:00,NSW1,60.60673,7656.83,-1525.89,5205.99105,879.10895
2026-08-23T23:45:00,QLD1,54.73008,5943.32,660.09,4697.81549,1889.35451
2026-08-23T23:45:00,SA1,39.40633,1375,298.13,60.00091,1606.16909
2026-08-23T23:45:00,TAS1,40.12,1071.6,146.29,935.81955,282.06045
2026-08-23T23:45:00,VIC1,35.75533,5450.4,558.48,4405.997,1534.823
2026-08-23T23:50:00,NSW1,60.24056,7654.74,-1526.78,5205.99171,874.17829
2026-08-23T23:50:00,QLD1,54.73008,5916.06,606.54,4635.58587,1873.51413
2026-08-23T23:50:00,SA1,30.84593,1361.55,317.69,60.002,1609.458
2026-08-23T23:50:00,TAS1,30.10831,1038.89,172.33,928.90178,282.32822
2026-08-23T23:50:00,VIC1,20.65,5439.53,580.64,4376.00443,1564.83557
2026-08-23T23:55:00,NSW1,43.22516,7569.82,-1444.49,5189.99277,891.46723
2026-08-23T23:55:00,QLD1,39.74988,5865.2,530.41,4501.62812,1883.87188
2026-08-23T23:55:00,SA1,23.42841,1374.07,294.55,60.00096,1600.62904
2026-08-23T23:55:00,TAS1,23.69438,1059.73,148.31,928.79579,279.23421
2026-08-23T23:55:00,VIC1,17.09,5381.99,607.3,4309.99856,1605.18144
2026-08-24T00:00:00,NSW1,43.21792,7611.57,-1473.08,5190.00012,903.47988
2026-08-24T00:00:00,QLD1,39.75,5882.47,558.65,4528.52676,1901.26324
2026-08-24T00:00:00,SA1,25.52597,1387.84,291.92,60.00399,1611.76601
2026-08-24T00:00:00,TAS1,25.94344,1047.5,133.74,878.80401,302.43599
2026-08-24T00:00:00,VIC1,20.68,5424.44,626.85,4360.0042,1617.5458
2026-08-24T00:05:00,NSW1,61.10892,7540.13,-1549.19,5041.04902,901.83098
2026-08-24T00:05:00,QLD1,54.75,5804.48,679.83,4580.25018,1886.21982
2026-08-24T00:05:00,SA1,41.64628,1373.85,279.4,43.0014,1604.3486
2026-08-24T00:05:00,TAS1,55.12,1036.64,0,741.91043,294.72957
2026-08-24T00:05:00,VIC1,39.39,5328.2,725.18,4380.95102,1609.00898
2026-08-24T00:10:00,NSW1,64.95,7560.06,-1663.34,4937.17834,905.50166
2026-08-24T00:10:00,QLD1,56.70685,5787.92,831.92,4694.81702,1897.41298
2026-08-24T00:10:00,SA1,45.16012,1372.44,286.34,42.99845,1609.81155
2026-08-24T00:10:00,TAS1,46.96481,1017.51,-25.83,702.79822,288.88178
2026-08-24T00:10:00,VIC1,43.78579,5430.59,718.63,4408.83955,1680.27045
2026-08-24T00:15:00,NSW1,62.72001,7524.59,-1667.96,4910.98928,891.13072
2026-08-24T00:15:00,QLD1,54.75,5767.82,853.35,4709.43808,1882.51192
2026-08-24T00:15:00,SA1,34.60516,1360.5,314.52,43.00033,1624.38967
2026-08-24T00:15:00,TAS1,34.27051,982.39,-165.14,518.69656,298.55344
2026-08-24T00:15:00,VIC1,20.68,5314.59,816.79,4337.31128,1733.85872
2026-08-24T00:20:00,NSW1,63.16985,7573.9,-1684.68,4910.98841,923.03159
2026-08-24T00:20:00,QLD1,54.75,5709.24,872.61,4697.30048,1853.59952
2026-08-24T00:20:00,SA1,43.46924,1406.78,275.33,42.99836,1633.60164
2026-08-24T00:20:00,TAS1,44.81195,979.65,-117.48,576.79769,285.36231
2026-08-24T00:20:00,VIC1,41.22,5420.96,802.49,4387.47345,1779.36655
2026-08-24T00:25:00,NSW1,61.92198,7508.18,-1608.88,4911.00411,937.96589
2026-08-24T00:25:00,QLD1,54.75,5779.15,774.64,4671.61415,1858.40585
2026-08-24T00:25:00,SA1,30.40086,1400.98,281.3,42.99891,1630.89109
2026-08-24T00:25:00,TAS1,29.62871,1001.12,-146.78,577.00197,277.33803
2026-08-24T00:25:00,VIC1,18.19007,5354.26,843.41,4309.93318,1826.53682
2026-08-24T00:30:00,NSW1,61.98359,7486.07,-1589.04,4910.99078,936.43922
2026-08-24T00:30:00,QLD1,54.73008,5683.86,760.23,4558.01371,1862.73629
2026-08-24T00:30:00,SA1,29.92145,1409.85,243.98,43.00165,1604.80835
2026-08-24T00:30:00,TAS1,29.72317,1010.68,-160.59,576.89966,273.19034
2026-08-24T00:30:00,VIC1,17.09,5256.94,882.63,4245.37468,1835.95532
2026-08-24T00:35:00,NSW1,61.56325,7416.06,-1514.27,4905.99088,951.25912
2026-08-24T00:35:00,QLD1,54.73008,5739.98,730.95,4592.67496,1856.91504
2026-08-24T00:35:00,SA1,40.45435,1413.65,254.77,43.00198,1620.26802
2026-08-24T00:35:00,TAS1,43.03833,1008.4,-288.13,452.79954,267.47046
2026-08-24T00:35:00,VIC1,35.94,5256.63,942.01,4279.94226,1864.39774
2026-08-24T00:40:00,NSW1,62.0249,7446.63,-1536.48,4905.99591,958.32409
2026-08-24T00:40:00,QLD1,54.75,5768.89,761.53,4642.31646,1864.56354
2026-08-24T00:40:00,SA1,41.04285,1427.61,221.53,42.99773,1602.14227
2026-08-24T00:40:00,TAS1,43.30472,1021.1,-302.88,452.80224,265.41776
2026-08-24T00:40:00,VIC1,35.94,5235.53,982.6,4289.10542,1876.08458
2026-08-24T00:45:00,NSW1,57.39007,7457.52,-1557.11,4881.30557,971.59443
2026-08-24T00:45:00,QLD1,50.62755,5632,783.92,4509.99703,1880.67297
2026-08-24T00:45:00,SA1,42.45153,1425.52,216.82,44.00338,1595.07662
2026-08-24T00:45:00,TAS1,45.65938,1012.36,-310.58,452.90412,248.87588
2026-08-24T00:45:00,VIC1,41.22,5261.12,996.02,4320.99998,1883.09002
2026-08-24T00:50:00,NSW1,62.04172,7470.03,-1527.51,4905.99986,990.70014
2026-08-24T00:50:00,QLD1,54.73004,5622.13,755.49,4460.61201,1893.62799
2026-08-24T00:50:00,SA1,33.98553,1424.35,214.17,45.99956,1589.02044
2026-08-24T00:50:00,TAS1,33.04108,1016.31,-321,452.89855,242.41145
2026-08-24T00:50:00,VIC1,17.09,5202.25,1004.89,4254.00205,1899.79795
2026-08-24T00:55:00,NSW1,48.15554,7344.37,-1459.76,4848.03566,994.50434
2026-08-24T00:55:00,QLD1,43.01,5658.48,691.13,4439.98336,1890.10664
2026-08-24T00:55:00,SA1,39.58911,1458.95,155.25,43.00297,1569.51703
2026-08-24T00:55:00,TAS1,43.0221,1016.44,-320.61,452.79823,243.02177
2026-08-24T00:55:00,VIC1,41.22,5331.22,1047.58,4432.99613,1895.49387
2026-08-24T01:00:00,NSW1,48.45259,7360.02,-1498.61,4813.18179,1003.77821
2026-08-24T01:00:00,QLD1,43.01,5628.92,725.35,4438.81992,1893.93008
2026-08-24T01:00:00,SA1,37.57323,1454.87,147.33,43.00473,1557.54527
2026-08-24T01:00:00,TAS1,40.33801,1011.93,-319.1,452.90271,239.92729
2026-08-24T01:00:00,VIC1,37.41,5255.82,1064.25,4347.10545,1921.37455
2026-08-24T01:05:00,NSW1,61.67557,7357,-1541.82,4765.76475,1002.32525
2026-08-24T01:05:00,QLD1,54.73008,5662.45,746.2,4480.94767,1904.75233
2026-08-24T01:05:00,SA1,32.48985,1466.12,123.35,42.99697,1541.30303
2026-08-24T01:05:00,TAS1,31.38706,1011.39,-315.38,452.90213,243.10787
2026-08-24T01:05:00,VIC1,17.09,5187.07,1120.68,4278.00364,1971.93636
2026-08-24T01:10:00,NSW1,57.38989,7352.34,-1588.35,4710.30854,1003.53146
2026-08-24T01:10:00,QLD1,50.59457,5588.24,788.59,4438.82173,1912.20827
2026-08-24T01:10:00,SA1,25.37074,1471.46,125.51,43.00491,1548.63509
2026-08-24T01:10:00,TAS1,24.46971,1008.6,-294.98,452.89791,260.71209
2026-08-24T01:10:00,VIC1,10.65,5135.87,1109.12,4139.34547,2047.04453
2026-08-24T01:15:00,NSW1,57.38998,7357.85,-1628.7,4690.38755,986.20245
2026-08-24T01:15:00,QLD1,50.27448,5557.52,805.28,4438.97066,1896.86934
2026-08-24T01:15:00,SA1,29.09674,1461.71,131.29,42.99687,1545.23313
2026-08-24T01:15:00,TAS1,28.74535,1000.13,-270.21,452.89575,277.01425
2026-08-24T01:15:00,VIC1,17.09,5228.32,1106.34,4168.99828,2105.95172
2026-08-24T01:20:00,NSW1,49.46542,7345.18,-1672.23,4640.95302,976.08698
2026-08-24T01:20:00,QLD1,43.01,5567.67,862.65,4448.94108,1949.85892
2026-08-24T01:20:00,SA1,26.36078,1444.3,142.91,42.99815,1539.13185
2026-08-24T01:20:00,TAS1,26.31869,995.11,-268.96,452.8047,273.3453
2026-08-24T01:20:00,VIC1,17.09,5266.09,1087.66,4124.99722,2169.22278
2026-08-24T01:25:00,NSW1,57.39007,7321.28,-1677.97,4626.70189,960.44811
2026-08-24T01:25:00,QLD1,49.74042,5522.56,863.54,4448.53423,1906.17577
2026-08-24T01:25:00,SA1,40.55974,1441.21,135.03,42.99871,1531.47129
2026-08-24T01:25:00,TAS1,42.54638,999.99,-271.95,452.80176,275.23824
2026-08-24T01:25:00,VIC1,37.41,5402.6,1097.47,4224.36544,2218.92456
2026-08-24T01:30:00,NSW1,60.93152,7208.4,-1533.51,4672.64031,953.22969
2026-08-24T01:30:00,QLD1,54.73008,5746.87,638.81,4469.34203,1899.55797
2026-08-24T01:30:00,SA1,27.6415,1440.34,146.64,42.99833,1537.39167
2026-08-24T01:30:00,TAS1,26.85389,998.63,-267.8,452.90061,277.92939
2026-08-24T01:30:00,VIC1,12.96,5267.47,1157.57,4109.29887,2246.42113
2026-08-24T01:35:00,NSW1,62.51115,7280.93,-1611.25,4660.00155,957.79845
2026-08-24T01:35:00,QLD1,54.73008,5555.67,800.1,4450.96278,1877.98722
2026-08-24T01:35:00,SA1,30.83939,1441.66,118.46,43.00195,1512.75805
2026-08-24T01:35:00,TAS1,30.68807,1002.72,-374.48,348.79519,279.43481
2026-08-24T01:35:00,VIC1,17.09,5198.59,1212.99,4101.9978,2246.8322
2026-08-24T01:40:00,NSW1,57.39007,7244.78,-1597.84,4637.85454,958.14546
2026-08-24T01:40:00,QLD1,50.57923,5563.15,783.27,4448.31636,1872.53364
2026-08-24T01:40:00,SA1,41.43423,1436,108.17,43.00018,1500.02982
2026-08-24T01:40:00,TAS1,43.95722,996.96,-363.69,363.79773,269.46227
2026-08-24T01:40:00,VIC1,38.39,5313.02,1206.6,4192.87153,2267.88847
2026-08-24T01:45:00,NSW1,48.19856,7102.34,-1539.29,4553.04113,961.57887
2026-08-24T01:45:00,QLD1,43.01,5648.54,682.25,4448.43887,1863.06113
2026-08-24T01:45:00,SA1,27.17022,1423.81,162.65,43.00497,1537.53503
2026-08-24T01:45:00,TAS1,39,997.36,-441,303.19985,253.16015
2026-08-24T01:45:00,VIC1,19.18,5228.79,1281.49,4149.43012,2288.38988
2026-08-24T01:50:00,NSW1,48.84594,7114,-1603.3,4493.53496,965.75504
2026-08-24T01:50:00,QLD1,43.01,5546.99,777.3,4448.5348,1850.2352
2026-08-24T01:50:00,SA1,38.85963,1469.18,122.51,42.99838,1547.61162
2026-08-24T01:50:00,TAS1,42.1,992.84,-400.26,345.85064,246.72936
2026-08-24T01:50:00,VIC1,39.17074,5333.2,1243.36,4231.99657,2282.96343
2026-08-24T01:55:00,NSW1,57.81007,7104.59,-1506.98,4567.40643,982.80357
2026-08-24T01:55:00,QLD1,52.2321,5666.25,626.81,4448.39135,1828.38865
2026-08-24T01:55:00,SA1,22.16268,1440.46,148.95,42.99946,1539.94054
2026-08-24T01:55:00,TAS1,24.55457,996.73,-440.48,301.9046,254.3454
2026-08-24T01:55:00,VIC1,5.43,5126.82,1317.33,4031.41125,2337.26875
2026-08-24T02:00:00,NSW1,47.60431,7052.05,-1549.53,4471.82509,980.97491
2026-08-24T02:00:00,QLD1,43.01,5696.88,632.31,4449.23567,1863.36433
2026-08-24T02:00:00,SA1,25.72517,1461.08,153.45,42.99815,1566.07185
2026-08-24T02:00:00,TAS1,26.03096,989.19,-369.5,363.90426,255.78574
2026-08-24T02:00:00,VIC1,17.09,5265.02,1278.84,4094.9992,2375.0508
2026-08-24T02:05:00,NSW1,64.95008,7237.22,-1650.83,4543.10646,988.86354
2026-08-24T02:05:00,QLD1,56.12556,5577.59,877.31,4603.25801,1819.15199
2026-08-24T02:05:00,SA1,33.93523,1484.84,108.66,43.00025,1545.85975
2026-08-24T02:05:00,TAS1,33.94379,988.96,-375.03,363.70078,250.22922
2026-08-24T02:05:00,VIC1,20.68,5380.51,1191.03,4137.99842,2373.95158
2026-08-24T02:10:00,NSW1,57.39007,7153.2,-1624.27,4502.17392,972.36608
2026-08-24T02:10:00,QLD1,51.41813,5578.81,674.83,4449.23243,1785.52757
2026-08-24T02:10:00,SA1,29.86979,1439.52,174.75,42.99729,1565.93271
2026-08-24T02:10:00,TAS1,30.30519,989.85,-368.85,363.90495,257.09505
2026-08-24T02:10:00,VIC1,19.18,5334.83,1300.67,4111.51046,2445.47954
2026-08-24T02:15:00,NSW1,48.55445,7141.36,-1687.16,4425.26567,970.49433
2026-08-24T02:15:00,QLD1,43.01,5533.37,741.04,4449.38721,1801.75279
2026-08-24T02:15:00,SA1,28.04421,1474.8,130,42.99814,1557.50186
2026-08-24T02:15:00,TAS1,28.63098,977.32,-348.87,363.89759,264.55241
2026-08-24T02:15:00,VIC1,20.65,5355.16,1328.35,4123.92434,2482.23566
2026-08-24T02:20:00,NSW1,48.55901,7113.07,-1708.73,4370.06697,974.18303
2026-08-24T02:20:00,QLD1,43.01,5514.63,745.52,4448.22197,1788.33803
2026-08-24T02:20:00,SA1,23.42,1470.02,132.34,42.9965,1554.0935
2026-08-24T02:20:00,TAS1,23.18259,978.13,-334.82,363.79815,279.50185
2026-08-24T02:20:00,VIC1,13.07,5270.12,1334.76,4047.99897,2476.76103
2026-08-24T02:25:00,NSW1,61.37517,7163.93,-1663.24,4462.1343,980.7557
2026-08-24T02:25:00,QLD1,54.73008,5578.84,690.81,4469.52759,1780.09241
2026-08-24T02:25:00,SA1,23.38,1569.68,50.23,42.99533,1572.18467
2026-08-24T02:25:00,TAS1,22.61204,875.04,-240.63,363.90144,270.51856
2026-08-24T02:25:00,VIC1,13.07,5232.61,1322.38,4036.00129,2441.99871
2026-08-24T02:30:00,NSW1,57.39007,7123.24,-1633.03,4450.06842,983.77158
2026-08-24T02:30:00,QLD1,51.49152,5561.15,657.72,4448.73286,1751.91714
2026-08-24T02:30:00,SA1,23.9854,1608.55,20.83,43.00349,1581.42651
2026-08-24T02:30:00,TAS1,23.4158,846.55,-194.51,363.9018,288.1382
2026-08-24T02:30:00,VIC1,17.09,5249,1304.87,4032.99833,2444.54167
2026-08-24T02:35:00,NSW1,42.88,7099.3,-1706.74,4361.20956,971.06044
2026-08-24T02:35:00,QLD1,37.98591,5417.9,743.15,4390.04229,1747.61771
2026-08-24T02:35:00,SA1,23.42,1579.09,64.57,43.00148,1596.04852
2026-08-24T02:35:00,TAS1,23.13976,871.72,-227.05,363.8047,280.8653
2026-08-24T02:35:00,VIC1,17.09,5197.58,1290.73,3987.99786,2423.94214
2026-08-24T02:40:00,NSW1,45.4563,7138.71,-1770.74,4313.98532,989.74468
2026-08-24T02:40:00,QLD1,39.75,5397.5,818.81,4447.57653,1740.12347
2026-08-24T02:40:00,SA1,23.42,1495.2,136.05,42.99618,1583.21382
2026-08-24T02:40:00,TAS1,23.63673,941.35,-299.23,363.79836,278.31164
2026-08-24T02:40:00,VIC1,17.09,5167.86,1291.8,3987.99912,2392.85088
2026-08-24T02:45:00,NSW1,61.08606,7081.66,-1647.69,4386.4028,990.8972
2026-08-24T02:45:00,QLD1,54.45,5543.86,688.04,4451.23555,1760.65445
2026-08-24T02:45:00,SA1,29,1569.53,57.47,42.9985,1580.9315
2026-08-24T02:45:00,TAS1,30.19145,949.25,-303.33,363.90357,282.01643
2026-08-24T02:45:00,VIC1,29.02009,5185.64,1360.76,4089.00336,2381.89664
2026-08-24T02:50:00,NSW1,57.39007,7004.53,-1601.74,4352.34502,995.68498
2026-08-24T02:50:00,QLD1,51.83358,5564.01,620.62,4448.53711,1720.02289
2026-08-24T02:50:00,SA1,23.42,1542.27,74.78,42.99621,1568.54379
2026-08-24T02:50:00,TAS1,23.4365,954.42,-308.58,363.89794,281.94206
2026-08-24T02:50:00,VIC1,17.09,5088.87,1371.68,3995.99865,2384.12135
2026-08-24T02:55:00,NSW1,45.16929,7046.3,-1715.22,4286.03771,984.58229
2026-08-24T02:55:00,QLD1,39.75,5397.82,767.84,4420.09448,1720.46552
2026-08-24T02:55:00,SA1,25.51555,1604.04,3.39,42.99791,1560.36209
2026-08-24T02:55:00,TAS1,25.11692,963.7,-322.29,363.50006,277.90994
2026-08-24T02:55:00,VIC1,17.09,5027.71,1432.9,3987.99942,2395.62058
2026-08-24T03:00:00,NSW1,42.88,7019.05,-1699.36,4281.9873,978.1827
2026-08-24T03:00:00,QLD1,37.97942,5382.91,752.49,4357.69916,1753.66084
2026-08-24T03:00:00,SA1,23.42,1617.03,-5.87,43.00451,1562.46549
2026-08-24T03:00:00,TAS1,22.82295,963.25,-315.82,363.60309,283.82691
2026-08-24T03:00:00,VIC1,14.8079,5035.79,1436.02,3988.00097,2405.59903
2026-08-24T03:05:00,NSW1,57.39007,6930.75,-1575.56,4336.18166,968.85834
2026-08-24T03:05:00,QLD1,50.51665,5389.94,770.86,4392.31965,1743.26035
2026-08-24T03:05:00,SA1,29.93386,1616.78,-11.12,42.99774,1557.38226
2026-08-24T03:05:00,TAS1,28.9346,966.44,-307.94,363.89517,294.60483
2026-08-24T03:05:00,VIC1,17.09,5180.78,1264.35,3973.00337,2412.18663
2026-08-24T03:10:00,NSW1,61.39475,6957.69,-1554.6,4380.26015,973.69985
2026-08-24T03:10:00,QLD1,54.73012,5480.84,711.72,4486.26718,1684.88282
2026-08-24T03:10:00,SA1,30.81539,1578.18,60.88,43.00401,1591.19599
2026-08-24T03:10:00,TAS1,29.93949,958,-276.45,363.90077,317.64923
2026-08-24T03:10:00,VIC1,17.09,5290.79,1195.55,3972.9978,2451.6422
2026-08-24T03:15:00,NSW1,57.89019,7005.44,-1575.42,4404.39896,974.46104
2026-08-24T03:15:00,QLD1,51.60126,5385.35,691.2,4381.83414,1674.50586
2026-08-24T03:15:00,SA1,26.46874,1449.81,201.34,43.00227,1602.44773
2026-08-24T03:15:00,TAS1,26.12076,965.15,-294.71,363.90119,306.53881
2026-08-24T03:15:00,VIC1,13.07,5357.36,1122.92,3972.99994,2439.02006
2026-08-24T03:20:00,NSW1,62.6032,7061.12,-1576.69,4457.00133,977.13867
2026-08-24T03:20:00,QLD1,54.75,5392.7,792.08,4510.60455,1647.48545
2026-08-24T03:20:00,SA1,45.46412,1563.13,50.49,43.00064,1570.06936
2026-08-24T03:20:00,TAS1,47.6263,981.28,-371.58,363.79525,245.90475
2026-08-24T03:20:00,VIC1,41.22,5333.86,1239.46,4083.99816,2433.09184
2026-08-24T03:25:00,NSW1,45.44,6929.4,-1496.31,4410.53204,976.01796
2026-08-24T03:25:00,QLD1,40.74871,5355.71,672.87,4364.23381,1645.06619
2026-08-24T03:25:00,SA1,28.76883,1537.04,70.22,43.00164,1562.09836
2026-08-24T03:25:00,TAS1,29.62271,984.57,-381.71,363.90178,238.95822
2026-08-24T03:25:00,VIC1,22.87715,5278.17,1265.1,4077.9979,2403.0721
2026-08-24T03:30:00,NSW1,57.39007,7002.46,-1573.71,4383.23741,994.11259
2026-08-24T03:30:00,QLD1,50.79897,5334.84,725.46,4365.09907,1672.66093
2026-08-24T03:30:00,SA1,30.10195,1405.94,171.92,42.99838,1528.51162
2026-08-24T03:30:00,TAS1,30.58015,989.79,-401.54,363.89593,224.34407
2026-08-24T03:30:00,VIC1,19.18,5306.92,1229.52,4048.79978,2416.28022
2026-08-24T03:35:00,NSW1,60.99437,6962.91,-1475.68,4436.15754,1005.92246
2026-08-24T03:35:00,QLD1,54.73008,5391.89,667.44,4381.07063,1659.50937
2026-08-24T03:35:00,SA1,28.14037,1555.22,9.95,43.00467,1517.75533
2026-08-24T03:35:00,TAS1,27.00013,983.22,-375.77,363.80287,243.64713
2026-08-24T03:35:00,VIC1,12.5,5077.58,1304.9,3930.42692,2389.53308
2026-08-24T03:40:00,NSW1,61.38036,6972.96,-1487.79,4455.99502,983.65498
2026-08-24T03:40:00,QLD1,54.73012,5407.72,711.93,4440.04002,1658.25998
2026-08-24T03:40:00,SA1,45.69908,1544.31,-18.53,62.9992,1462.5508
2026-08-24T03:40:00,TAS1,47.49945,987.83,-392.87,363.90229,231.05771
2026-08-24T03:40:00,VIC1,41.22,5202.26,1310.48,4125.00162,2331.61838
2026-08-24T03:45:00,NSW1,62.15683,6985.98,-1500.42,4459.99711,979.52289
2026-08-24T03:45:00,QLD1,54.75,5454.01,759.35,4517.812,1671.358
2026-08-24T03:45:00,SA1,44.50414,1557.47,-75.33,43.0043,1438.9757
2026-08-24T03:45:00,TAS1,45.22149,978.92,-373.89,364.3045,240.7255
2026-08-24T03:45:00,VIC1,37.41,5173.59,1312.72,4119.47646,2314.79354
2026-08-24T03:50:00,NSW1,57.39007,6880.82,-1456.16,4430.17152,950.50848
2026-08-24T03:50:00,QLD1,51.41813,5409.52,679.79,4385.69865,1684.27135
2026-08-24T03:50:00,SA1,32.54621,1539.63,-31.27,43.00129,1464.07871
2026-08-24T03:50:00,TAS1,30.93127,986.28,-353.13,363.89898,269.25102
2026-08-24T03:50:00,VIC1,17.18,5110.9,1280.56,4033.57505,2302.68495
2026-08-24T03:55:00,NSW1,57.39007,6893.21,-1435.35,4455.53917,959.19083
2026-08-24T03:55:00,QLD1,51.49931,5397.44,651.74,4316.62765,1714.71235
2026-08-24T03:55:00,SA1,44.05506,1504.62,-14.95,42.99872,1446.70128
2026-08-24T03:55:00,TAS1,45.87934,986.3,-338.56,363.70302,284.04698
2026-08-24T03:55:00,VIC1,41.22,5308.72,1251.91,4225.99648,2280.76352
2026-08-24T04:00:00,NSW1,58.42064,6938.16,-1456.72,4465.99169,970.66831
2026-08-24T04:00:00,QLD1,52.43288,5405.49,655.26,4297.92088,1744.83912
2026-08-24T04:00:00,SA1,44.01209,1476.43,23.84,43.0035,1456.9965
2026-08-24T04:00:00,TAS1,45.78047,985.58,-308.11,363.80355,313.66645
2026-08-24T04:00:00,VIC1,41.22,5315.03,1204.24,4170.00335,2293.79665
2026-08-24T04:05:00,NSW1,61.7345,6984.66,-1517.34,4453.34637,965.99363
2026-08-24T04:05:00,QLD1,54.75,5478.45,718,4425.40046,1749.67954
2026-08-24T04:05:00,SA1,33.69956,1432.04,89.72,42.9974,1473.5626
2026-08-24T04:05:00,TAS1,33.52212,991.03,-295.66,363.89838,331.47162
2026-08-24T04:05:00,VIC1,22.05158,5269,1140.72,4097.00291,2251.82709
2026-08-24T04:10:00,NSW1,62.11739,7017.65,-1596.64,4417.5533,950.9067
2026-08-24T04:10:00,QLD1,54.73008,5460.39,784.59,4404.54064,1814.66936
2026-08-24T04:10:00,SA1,34.57179,1465.99,40.66,42.99701,1458.16299
2026-08-24T04:10:00,TAS1,33.9944,987.74,-279.1,363.69929,344.94071
2026-08-24T04:10:00,VIC1,22.67,5205.07,1196.76,4105.01575,2234.34425
2026-08-24T04:15:00,NSW1,61.65834,6948.02,-1554.53,4397.18131,946.45869
2026-08-24T04:15:00,QLD1,54.73008,5546.86,727.62,4419.40139,1833.38861
2026-08-24T04:15:00,SA1,33.41713,1438.28,129.07,112.99736,1449.09264
2026-08-24T04:15:00,TAS1,33.48029,988.87,-280.83,363.903,344.137
2026-08-24T04:15:00,VIC1,22.25323,5243,1118.64,4076.00003,2222.45997
2026-08-24T04:20:00,NSW1,63.28537,7048.18,-1651.1,4392.99552,948.13448
2026-08-24T04:20:00,QLD1,54.75,5540.29,885.71,4582.67574,1810.68426
2026-08-24T04:20:00,SA1,31.53367,1456.04,122.85,112.99793,1460.57207
2026-08-24T04:20:00,TAS1,31.07725,989.28,-277.4,363.99928,347.88072
2026-08-24T04:20:00,VIC1,17.88,5250.84,1072.47,4034.14431,2230.53569
2026-08-24T04:25:00,NSW1,63.24597,7033.84,-1629.26,4391.9977,958.4123
2026-08-24T04:25:00,QLD1,54.75,5582.81,889.39,4622.1203,1817.4297
2026-08-24T04:25:00,SA1,34.78333,1514.35,0.19,42.99982,1468.44018
2026-08-24T04:25:00,TAS1,33.29889,999.97,-291.73,363.90416,344.33584
2026-08-24T04:25:00,VIC1,19.18,5200.25,1175.13,4070.10679,2251.47321
2026-08-24T04:30:00,NSW1,64.33237,7105.91,-1685.24,4392.0014,970.7986
2026-08-24T04:30:00,QLD1,55.35229,5604.58,925.07,4684.85579,1809.52421
2026-08-24T04:30:00,SA1,52,1389.45,162.88,113.0042,1437.1558
2026-08-24T04:30:00,TAS1,56.59631,1006.49,-306.18,366.697,333.613
2026-08-24T04:30:00,VIC1,54.39344,5377.84,1054.75,4150.95201,2225.67799
2026-08-24T04:35:00,NSW1,64.04335,7093.35,-1676.24,4396.99493,961.83507
2026-08-24T04:35:00,QLD1,54.75,5596.83,971.55,4700.49413,1828.85587
2026-08-24T04:35:00,SA1,52,1373.26,199.33,114.00481,1455.25519
2026-08-24T04:35:00,TAS1,56.92048,1012,-299.17,371.90025,340.92975
2026-08-24T04:35:00,VIC1,54.88,5517.03,957.64,4189.99974,2232.20026
2026-08-24T04:40:00,NSW1,63.17422,7052.33,-1636.38,4396.99595,964.61405
2026-08-24T04:40:00,QLD1,54.75,5657.1,874.35,4668.92233,1831.48767
2026-08-24T04:40:00,SA1,34.25399,1417.43,163.9,112.99917,1464.47083
2026-08-24T04:40:00,TAS1,33.31575,1008.43,-306.24,368.79569,333.38431
2026-08-24T04:40:00,VIC1,18.05976,5354.12,1051.06,4108.00087,2239.73913
2026-08-24T04:45:00,NSW1,64.95,7032.79,-1577.94,4432.41343,972.53657
2026-08-24T04:45:00,QLD1,56.68516,5709.72,839.84,4726.93859,1794.29141
2026-08-24T04:45:00,SA1,45.37969,1423.84,121.58,112.99926,1430.59074
2026-08-24T04:45:00,TAS1,47.16,1018.98,-228.8,455.39045,334.79955
2026-08-24T04:45:00,VIC1,41.17751,5512.18,974.49,4231.99783,2205.55217
2026-08-24T04:50:00,NSW1,65.51,7058.92,-1550.54,4487.37123,972.18877
2026-08-24T04:50:00,QLD1,56.77256,5657.34,896.74,4726.34798,1795.01202
2026-08-24T04:50:00,SA1,45.80268,1432.17,59.87,42.99693,1448.58307
2026-08-24T04:50:00,TAS1,45.96159,1023.53,-249.99,443.80404,329.73596
2026-08-24T04:50:00,VIC1,35.94,5505.05,966.29,4219.52678,2211.45322
2026-08-24T04:55:00,NSW1,67.34995,7174.65,-1528.91,4623.96785,975.05215
2026-08-24T04:55:00,QLD1,59.16714,5728.59,813.17,4723.20609,1792.18391
2026-08-24T04:55:00,SA1,51.86606,1441.91,116.98,113.00235,1444.50765
2026-08-24T04:55:00,TAS1,54.75766,1029.14,-239.31,461.89624,327.92376
2026-08-24T04:55:00,VIC1,50.94,5563.25,958.64,4259.40254,2216.38746
2026-08-24T05:00:00,NSW1,65.36995,7196.39,-1597.87,4576.16212,970.88788
2026-08-24T05:00:00,QLD1,57.41174,5717.66,797.85,4726.14017,1763.91983
2026-08-24T05:00:00,SA1,50.89856,1441.63,118.51,113.00217,1445.74783
2026-08-24T05:00:00,TAS1,53.86669,1027.93,-237.22,461.79795,328.90205
2026-08-24T05:00:00,VIC1,50.94,5524.87,1052.44,4289.28994,2232.62006
2026-08-24T05:05:00,NSW1,46.65,7226.8,-1634.94,4581.26758,955.09242
2026-08-24T05:05:00,QLD1,41.77238,5734.42,713.31,4658.094,1769.696
2026-08-24T05:05:00,SA1,35.26153,1415.79,132.72,113.00348,1433.76652
2026-08-24T05:05:00,TAS1,37.62947,1031.68,-266.29,448.90227,316.48773
2026-08-24T05:05:00,VIC1,35.45,5361.64,1203.17,4225.00403,2269.02597
2026-08-24T05:10:00,NSW1,57.39007,7141.1,-1522.83,4628.4668,941.1132
2026-08-24T05:10:00,QLD1,52.08694,5797.14,615.5,4631.7765,1766.5735
2026-08-24T05:10:00,SA1,39.18,1438.58,119.75,113.00004,1443.27996
2026-08-24T05:10:00,TAS1,41.04497,1043.23,-273.42,448.89517,320.91483
2026-08-24T05:10:00,VIC1,35.45,5346.08,1193.48,4173.00112,2299.08888
2026-08-24T05:15:00,NSW1,64.95022,7242.75,-1542.15,4701.65314,949.75686
2026-08-24T05:15:00,QLD1,58.61102,5849.42,648.81,4713.09364,1769.27636
2026-08-24T05:15:00,SA1,35.22536,1436.1,119.04,113.00496,1435.58504
2026-08-24T05:15:00,TAS1,35.08,1049.05,-244.79,487.93003,316.32997
2026-08-24T05:15:00,VIC1,23.55946,5382.39,1160.79,4138.00036,2335.07964
2026-08-24T05:20:00,NSW1,64.95022,7265.24,-1522.04,4753.51301,943.34699
2026-08-24T05:20:00,QLD1,58.25244,5868.82,681.57,4758.7882,1774.0018
2026-08-24T05:20:00,SA1,43.1152,1514.38,-24.96,43.00339,1445.65661
2026-08-24T05:20:00,TAS1,42.84831,1049.82,-195.48,542.80015,311.53985
2026-08-24T05:20:00,VIC1,35.45,5382.65,1181.37,4137.99581,2370.24419
2026-08-24T05:25:00,NSW1,65.51,7372.18,-1528.39,4856.27311,939.81689
2026-08-24T05:25:00,QLD1,59.13436,5879.92,646.17,4762.23966,1748.25034
2026-08-24T05:25:00,SA1,35.21487,1455.84,117.53,113.00496,1453.44504
2026-08-24T05:25:00,TAS1,35.08,1062.34,-256.77,493.19032,312.37968
2026-08-24T05:25:00,VIC1,23.18171,5463.78,1160.3,4137.99959,2417.47041
2026-08-24T05:30:00,NSW1,68.58332,7407.15,-1437.21,4988.33367,938.55633
2026-08-24T05:30:00,QLD1,62.73002,5918.66,563.89,4776.26865,1694.94135
2026-08-24T05:30:00,SA1,30.15699,1454.1,118.74,112.99829,1454.34171
2026-08-24T05:30:00,TAS1,29.23701,1064.41,-275.75,478.89571,309.76429
2026-08-24T05:30:00,VIC1,12.96,5410.21,1155.68,4032.75469,2467.67531
2026-08-24T05:35:00,NSW1,60.61163,7505.31,-1537.63,4981.72505,937.74495
2026-08-24T05:35:00,QLD1,54.75,5946.07,635.12,4879.26131,1687.13869
2026-08-24T05:35:00,SA1,29.98946,1470.33,108.44,113.00008,1460.28992
2026-08-24T05:35:00,TAS1,29.35715,1068.67,-210.34,526.82601,331.49399
2026-08-24T05:35:00,VIC1,17.09,5540.91,1140.74,4146.00304,2467.79696
2026-08-24T05:40:00,NSW1,59.798,7526.36,-1516.13,5029.27526,933.44474
2026-08-24T05:40:00,QLD1,54.75,6007.22,592.06,4890.46626,1696.43374
2026-08-24T05:40:00,SA1,27.13674,1396.05,139.01,43.00098,1486.42902
2026-08-24T05:40:00,TAS1,26.33323,1055.72,-190.9,527.80375,337.02625
2026-08-24T05:40:00,VIC1,12.96,5642.9,1111.14,4160.93542,2523.44458
2026-08-24T05:45:00,NSW1,57.39007,7593.8,-1350.86,5281.14016,921.61984
2026-08-24T05:45:00,QLD1,53.96319,6097.46,439.91,4842.39011,1689.14989
2026-08-24T05:45:00,SA1,24.71157,1359.72,179.71,42.99981,1490.39019
2026-08-24T05:45:00,TAS1,24.0326,1068.03,-206.5,527.8983,333.6317
2026-08-24T05:45:00,VIC1,10.5,5664.77,1056.51,4120.4659,2534.1041
2026-08-24T05:50:00,NSW1,70.03016,7670.68,-1444.67,5256.72821,926.64179
2026-08-24T05:50:00,QLD1,64.59834,6104.06,555.65,4999.52582,1649.81418
2026-08-24T05:50:00,SA1,30.46374,1369.36,173.47,42.99582,1493.82418
2026-08-24T05:50:00,TAS1,29.58773,1069.47,-215.97,527.89537,325.60463
2026-08-24T05:50:00,VIC1,13.07,5767.12,1055.36,4232.84526,2524.81474
2026-08-24T05:55:00,NSW1,64.05,7724.26,-1158.09,5625.80538,912.58462
2026-08-24T05:55:00,QLD1,60.65908,6162.36,411,4948.39294,1620.25706
2026-08-24T05:55:00,SA1,36.06909,1375.3,128.85,42.99673,1459.40327
2026-08-24T05:55:00,TAS1,34.2275,1074.84,-258.25,496.80412,319.79588
2026-08-24T05:55:00,VIC1,17.09,5933.54,954.5,4362.99992,2481.26008
2026-08-24T06:00:00,NSW1,64.95,7735.18,-1252.08,5537.32375,913.86625
2026-08-24T06:00:00,QLD1,60.74802,6200.09,471.1,5084.73752,1579.75248
2026-08-24T06:00:00,SA1,35.68363,1419.19,217.17,134.00222,1498.28778
2026-08-24T06:00:00,TAS1,34.35581,1080.06,-271.87,496.90344,311.28656
2026-08-24T06:00:00,VIC1,17.09,5979.62,929.22,4363.00004,2494.97996
2026-08-24T06:05:00,NSW1,65.51,7824.82,-1101.25,5765.9435,930.4665
2026-08-24T06:05:00,QLD1,62.73008,6187.6,334.59,5037.99525,1481.60475
2026-08-24T06:05:00,SA1,34.4791,1370.33,208.73,114.00017,1461.05983
2026-08-24T06:05:00,TAS1,32.33738,1094.62,-240.34,537.81812,316.46188
2026-08-24T06:05:00,VIC1,13.07,5961.24,879.31,4359.21273,2434.03727
2026-08-24T06:10:00,NSW1,71.4,7998.34,-1165.99,5897.87564,905.69436
2026-08-24T06:10:00,QLD1,67.68688,6257.02,390.17,5165.83662,1477.47338
2026-08-24T06:10:00,SA1,38.97987,1379.15,146.84,113.99678,1409.56322
2026-08-24T06:10:00,TAS1,35.1,1106.46,-100,689.61399,316.84601
2026-08-24T06:10:00,VIC1,17.09,6000.97,809.07,4363.00057,2402.03943
2026-08-24T06:15:00,NSW1,71.4,8099.5,-1050.58,6125.12618,899.15382
2026-08-24T06:15:00,QLD1,68.60601,6323.41,315.54,5151.83677,1485.20323
2026-08-24T06:15:00,SA1,39.292,1381.18,102.5,114.00302,1368.17698
2026-08-24T06:15:00,TAS1,35.1,1119.57,-100,705.31251,314.25749
2026-08-24T06:15:00,VIC1,17.09,5914.99,800.32,4362.99805,2312.57195
2026-08-24T06:20:00,NSW1,71.4,8238.7,-1007.35,6323.664,886.186
2026-08-24T06:20:00,QLD1,68.67117,6385.21,333.19,5256.39948,1459.87052
2026-08-24T06:20:00,SA1,58.46522,1387.61,-29.87,43.99778,1314.04222
2026-08-24T06:20:00,TAS1,48.1,1142.81,0,821.74509,321.06491
2026-08-24T06:20:00,VIC1,55.67,5922.04,760.8,4396.08828,2253.31172
2026-08-24T06:25:00,NSW1,71.4,8298.07,-1115.19,6270.79708,885.93292
2026-08-24T06:25:00,QLD1,67.84783,6447.1,379.63,5354.74357,1468.87643
2026-08-24T06:25:00,SA1,50.56528,1375.17,48.25,113.9978,1308.8422
2026-08-24T06:25:00,TAS1,49.15255,1146.87,12.76,832.80246,326.82754
2026-08-24T06:25:00,VIC1,41.22,5918.74,745.51,4377.52746,2245.59254
2026-08-24T06:30:00,NSW1,71.4,8413.03,-1140.01,6354.76768,892.93232
2026-08-24T06:30:00,QLD1,66.96575,6432.69,452.06,5426.23848,1453.15152
2026-08-24T06:30:00,SA1,49.4262,1371.17,53.71,134.00458,1290.18542
2026-08-24T06:30:00,TAS1,48.1,1169.42,-7.38,827.32644,334.71356
2026-08-24T06:30:00,VIC1,38.76543,6025,709.4,4484.55986,2213.44014
2026-08-24T06:35:00,NSW1,69.99,8501.89,-1245.21,6323.49388,905.49612
2026-08-24T06:35:00,QLD1,63.5845,6440.54,633.86,5587.05026,1474.45974
2026-08-24T06:35:00,SA1,58.21292,1389.17,-43.92,146.00279,1199.56721
2026-08-24T06:35:00,TAS1,56.4755,1161.43,46.96,904.53649,303.84351
2026-08-24T06:35:00,VIC1,55.48,6127.98,679.22,4630.87814,2145.69186
2026-08-24T06:40:00,NSW1,71.38,8638.6,-1306.17,6400.02894,902.43106
2026-08-24T06:40:00,QLD1,64.95,6586.53,668.04,5755.93643,1484.59357
2026-08-24T06:40:00,SA1,59.63382,1398.73,-127.37,119.99829,1151.77171
2026-08-24T06:40:00,TAS1,55.04756,1200.38,223.08,1117.40528,306.05472
2026-08-24T06:40:00,VIC1,55.48,6291.42,627.22,4692.66232,2184.77768
2026-08-24T06:45:00,NSW1,71.4,8681.08,-1256.32,6505.29025,892.13975
2026-08-24T06:45:00,QLD1,64.93,6555.64,668.2,5698.96749,1510.67251
2026-08-24T06:45:00,SA1,60.5593,1418.26,-156.84,121.99732,1139.68268
2026-08-24T06:45:00,TAS1,55.48864,1225.59,212.43,1130.24164,307.77836
2026-08-24T06:45:00,VIC1,55.9,6382.62,609.76,4767.62576,2188.78424
2026-08-24T06:50:00,NSW1,71.4,8764.26,-1235.72,6540.38974,962.00026
2026-08-24T06:50:00,QLD1,64.95,6549.12,668.21,5640.14039,1562.97961
2026-08-24T06:50:00,SA1,65.16407,1439.07,-263.8,79.99685,1093.93315
2026-08-24T06:50:00,TAS1,58.21355,1244.86,241.72,1181.68531,304.88469
2026-08-24T06:50:00,VIC1,61.51,6491.03,668.67,4910.15567,2212.15433
2026-08-24T06:55:00,NSW1,71.4,8806.83,-1190.41,6570.57125,1022.05875
2026-08-24T06:55:00,QLD1,64.95,6565.78,668.13,5543.62614,1676.15386
2026-08-24T06:55:00,SA1,66.52163,1466.47,-323.63,74.00137,1065.93863
2026-08-24T06:55:00,TAS1,57.92167,1256.67,288.17,1230.76781,314.07219
2026-08-24T06:55:00,VIC1,61.51,6551.09,636.94,4924.86968,2224.79032
2026-08-24T07:00:00,NSW1,71.4039,8825.83,-1054.7,6678.07319,1074.52681
2026-08-24T07:00:00,QLD1,64.95,6552.33,662.23,5463.89484,1736.73516
2026-08-24T07:00:00,SA1,70.28669,1480.94,-358.81,78.00102,1040.16898
2026-08-24T07:00:00,TAS1,60.62898,1252.67,307.94,1239.63195,320.97805
2026-08-24T07:00:00,VIC1,65.95316,6600.86,512.07,4833.0048,2247.6252
2026-08-24T07:05:00,NSW1,76.99253,8886.26,-1352.97,6335.76593,1166.17407
2026-08-24T07:05:00,QLD1,68.29624,6585.84,810.15,5541.68692,1831.98308
2026-08-24T07:05:00,SA1,66.95619,1503.62,-396.9,73.99981,1027.02019
2026-08-24T07:05:00,TAS1,56.83467,1249.38,309.76,1241.98105,317.15895
2026-08-24T07:05:00,VIC1,55.67,6583.69,733.89,5054.33296,2218.68704
2026-08-24T07:10:00,NSW1,71.38,8847.96,-1169.05,6342.89455,1313.58545
2026-08-24T07:10:00,QLD1,64.19417,6663.14,725.37,5427.73596,1943.89404
2026-08-24T07:10:00,SA1,65.7582,1527.54,-463.56,75.00084,980.11916
2026-08-24T07:10:00,TAS1,54.86256,1240.85,323.1,1240.31898,323.64102
2026-08-24T07:10:00,VIC1,55.48,6607.92,673.26,4964.82534,2275.39466
2026-08-24T07:15:00,NSW1,71.38,8888.4,-1088.69,6280.27503,1500.67497
2026-08-24T07:15:00,QLD1,64.61721,6679.01,676.43,5258.88578,2082.40422
2026-08-24T07:15:00,SA1,69.50114,1553.01,-456.37,75.99738,1012.02262
2026-08-24T07:15:00,TAS1,58.26712,1259.65,300.93,1240.32006,320.26994
2026-08-24T07:15:00,VIC1,61.51,6707.9,645.59,5001.03803,2316.08197
2026-08-24T07:20:00,NSW1,53.98409,8874.61,-898.44,6224.85347,1738.93653
2026-08-24T07:20:00,QLD1,49.48786,6656.21,601.62,5019.5412,2227.7488
2026-08-24T07:20:00,SA1,55.41201,1544.25,-449.12,69.00204,1018.20796
2026-08-24T07:20:00,TAS1,47.06642,1274.45,276.94,1240.4189,310.9711
2026-08-24T07:20:00,VIC1,50.9,6850.48,527.73,5001.67186,2348.65814
2026-08-24T07:25:00,NSW1,58.22364,8772.65,-813.64,6044.90724,1903.96276
2026-08-24T07:25:00,QLD1,53.7342,6683.03,592.05,4907.4306,2357.6394
2026-08-24T07:25:00,SA1,60.75583,1577.7,-460.26,77.99751,1030.49249
2026-08-24T07:25:00,TAS1,51.61866,1288.4,250.58,1241.99628,296.98372
2026-08-24T07:25:00,VIC1,55.48,6892.28,484.24,4970.77419,2381.86581
2026-08-24T07:30:00,NSW1,51.69476,8722.84,-757.84,5783.63892,2168.77108
2026-08-24T07:30:00,QLD1,46.74911,6586.91,693.54,4871.0995,2393.9305
2026-08-24T07:30:00,SA1,55.54304,1577.53,-444.61,116.00114,1008.62886
2026-08-24T07:30:00,TAS1,47.35696,1295.7,244,1244.72595,294.97405
2026-08-24T07:30:00,VIC1,50.9,6899.94,320.91,4820.98224,2380.16776
2026-08-24T07:35:00,NSW1,43.29152,8669.3,-662.9,5656.11189,2342.04811
2026-08-24T07:35:00,QLD1,39.9107,6599.7,582.25,4703.8753,2468.1847
2026-08-24T07:35:00,SA1,46.26891,1599.21,-435.94,114.99983,1040.10017
2026-08-24T07:35:00,TAS1,41.00646,1297.04,134.44,1146.90102,284.57898
2026-08-24T07:35:00,VIC1,42.35,6920.88,421.62,4908.57429,2420.76571
2026-08-24T07:40:00,NSW1,44.15746,8605.73,-464.78,5541.02567,2595.72433
2026-08-24T07:40:00,QLD1,41.50707,6646.65,465.21,4524.21131,2582.36869
2026-08-24T07:40:00,SA1,48.21394,1627.17,-448.81,98.00216,1070.85784
2026-08-24T07:40:00,TAS1,42.63052,1287.74,134.75,1146.89868,275.59132
2026-08-24T07:40:00,VIC1,44,6906.64,346.46,4865.2142,2374.0358
2026-08-24T07:45:00,NSW1,28.05,8574.99,-290.71,5421.02618,2861.70382
2026-08-24T07:45:00,QLD1,27.00634,6660.93,329.69,4399.3877,2589.3623
2026-08-24T07:45:00,SA1,30.83572,1639.2,-423.04,126.00168,1081.60832
2026-08-24T07:45:00,TAS1,35.2,1286.83,0,1005.55655,281.27345
2026-08-24T07:45:00,VIC1,28.2147,6926.28,404.39,4923.00399,2399.31601
2026-08-24T07:50:00,NSW1,28.05,8662.22,-226,5295.83386,3128.03614
2026-08-24T07:50:00,QLD1,25.81328,6465.42,582.89,4294.87623,2742.99377
2026-08-24T07:50:00,SA1,84.81,1668.94,-486.31,100.24206,1070.08794
2026-08-24T07:50:00,TAS1,34.1,1275.23,-125,859.85414,290.37586
2026-08-24T07:50:00,VIC1,29.9179,6933.03,306.92,4791.99551,2430.53449
2026-08-24T07:55:00,NSW1,28.05,8594.25,-335.41,5125.5699,3128.6001
2026-08-24T07:55:00,QLD1,26.29863,6399.39,448.02,4120.89529,2721.21471
2026-08-24T07:55:00,SA1,31.9525,1661.2,-481.57,102.99559,1064.36441
2026-08-24T07:55:00,TAS1,28.8559,1260.92,-139.5,832.59703,288.82297
2026-08-24T07:55:00,VIC1,28.70079,6804.76,542.1,4895.99673,2439.47327
2026-08-24T08:00:00,NSW1,28.05,8700.42,-317.35,5024.67632,3350.91368
2026-08-24T08:00:00,QLD1,26.10052,6336.27,508.41,4024.34215,2812.52785
2026-08-24T08:00:00,SA1,32.59265,1687.48,-525.29,80.00002,1066.79998
2026-08-24T08:00:00,TAS1,28.30521,1243.4,-120.48,832.90095,290.01905
2026-08-24T08:00:00,VIC1,28.98324,6807.15,501.13,4863.00313,2429.53687
2026-08-24T08:05:00,NSW1,23.95,8680.6,-298.4,4823.16397,3552.66603
2026-08-24T08:05:00,QLD1,22.41557,6265.25,471.29,3886.57632,2843.43368
2026-08-24T08:05:00,SA1,55.68124,1705.55,-512.37,130.00394,1047.99606
2026-08-24T08:05:00,TAS1,24.9895,1240,-153.32,803.90204,282.77796
2026-08-24T08:05:00,VIC1,24.77912,6785.44,536.39,4797.41674,2508.90326
2026-08-24T08:10:00,NSW1,17.86189,8407.24,-81.28,4466.78155,3845.44845
2026-08-24T08:10:00,QLD1,16.50491,6257.93,532.82,3757.76491,3024.05509
2026-08-24T08:10:00,SA1,155.9,1692.38,-479.19,167.39376,1032.68624
2026-08-24T08:10:00,TAS1,20.06,1239.85,-296.48,658.37415,284.99585
2026-08-24T08:10:00,VIC1,19.38591,6674.54,385.73,4543.00191,2491.43809
2026-08-24T08:15:00,NSW1,23.9898,8393.91,-165.04,4271.1647,3947.6653
2026-08-24T08:15:00,QLD1,22.28239,6157.59,503.61,3686.63523,2966.47477
2026-08-24T08:15:00,SA1,156.01,1661.22,-360.61,233.3825,1060.6675
2026-08-24T08:15:00,TAS1,25.74431,1246.53,-197.08,778.90141,270.55859
2026-08-24T08:15:00,VIC1,25.36033,6907.84,255.73,4643.00223,2508.63777
2026-08-24T08:20:00,NSW1,24.96,8693.91,-440.56,4348.35608,3899.59392
2026-08-24T08:20:00,QLD1,23.3352,6180.66,469.71,3609.64621,3033.97379
2026-08-24T08:20:00,SA1,55.9,1686.21,-429.08,178.70477,1068.60523
2026-08-24T08:20:00,TAS1,25.59387,1256.93,-213.32,778.7954,264.8046
2026-08-24T08:20:00,VIC1,25.12783,6627.61,644.48,4648.00197,2614.82803
2026-08-24T08:25:00,NSW1,13.3,8436.45,-310.05,4212.38694,3904.35306
2026-08-24T08:25:00,QLD1,12.26142,6107.77,536.97,3531.07326,3103.94674
2026-08-24T08:25:00,SA1,55.9,1708.58,-453.83,180.10116,1062.36884
2026-08-24T08:25:00,TAS1,14.6853,1250.53,-411.06,581.89511,257.56489
2026-08-24T08:25:00,VIC1,13.88385,6612.16,692,4544.00411,2737.78589
2026-08-24T08:30:00,NSW1,13.3,7994.14,-90.64,4034.65896,3859.14104
2026-08-24T08:30:00,QLD1,12.49735,6142.71,447.38,3469.53733,3114.31267
2026-08-24T08:30:00,SA1,156.1,1748.11,-438.18,239.06464,1058.92536
2026-08-24T08:30:00,TAS1,15.02608,1233.81,-392.51,581.90371,259.39629
2026-08-24T08:30:00,VIC1,14.24935,6770.65,527.66,4533.00103,2739.46897
2026-08-24T08:35:00,NSW1,24.4099,8166.12,-369.11,3906.24878,3886.77122
2026-08-24T08:35:00,QLD1,23.06066,6155.05,400.45,3396.22385,3154.37615
2026-08-24T08:35:00,SA1,120.3,1709.06,-520.56,124.53226,1046.81774
2026-08-24T08:35:00,TAS1,25.86692,1230.55,-360.76,617.89704,251.89296
2026-08-24T08:35:00,VIC1,24.67785,6440.26,897.44,4472.99969,2843.29031
2026-08-24T08:40:00,NSW1,23.95,8104.96,-433.61,3783.75328,3881.27672
2026-08-24T08:40:00,QLD1,22.31842,6051.46,476.82,3365.48682,3154.99318
2026-08-24T08:40:00,SA1,27.78721,1745.91,-547.59,116.00449,1062.34551
2026-08-24T08:40:00,TAS1,25.26961,1220.12,-336.14,617.89709,266.07291
2026-08-24T08:40:00,VIC1,24.25691,6529.07,897.73,4515.99687,2887.69313
2026-08-24T08:45:00,NSW1,25.1,7867.81,-155.77,3833.21624,3868.90376
2026-08-24T08:45:00,QLD1,23.392,6033.61,464.41,3348.54478,3142.16522
2026-08-24T08:45:00,SA1,55.27,1798.71,-576.18,178.93013,1020.39987
2026-08-24T08:45:00,TAS1,27.92357,1202.95,-324.95,617.80372,260.20628
2026-08-24T08:45:00,VIC1,26.80802,6768.66,665.43,4519.99701,2881.58299
2026-08-24T08:50:00,NSW1,23.9901,8107.51,-376.32,3733.2962,3992.2138
2026-08-24T08:50:00,QLD1,22.48965,6038.77,444.9,3330.6875,3146.2825
2026-08-24T08:50:00,SA1,262,1778.83,-429.34,307.29285,1029.08715
2026-08-24T08:50:00,TAS1,20.16,1196.94,-393.68,550.69415,252.56585
2026-08-24T08:50:00,VIC1,19.1134,6562.7,799.62,4339.99574,3002.62426
2026-08-24T08:55:00,NSW1,23.95,7851.31,-285.96,3612.75485,3943.26515
2026-08-24T08:55:00,QLD1,22.14633,6014.66,505.62,3324.27261,3186.73739
2026-08-24T08:55:00,SA1,101.02,1719.13,-524.11,128.68271,1048.62729
2026-08-24T08:55:00,TAS1,20.06,1192.85,-432.78,510.86243,249.20757
2026-08-24T08:55:00,VIC1,17.09,6432.28,802.6,4307.99537,2897.83463
2026-08-24T09:00:00,NSW1,16.03879,7706.99,-279.57,3538.56426,3873.72574
2026-08-24T09:00:00,QLD1,14.54124,6001.31,604.41,3317.7694,3273.9106
2026-08-24T09:00:00,SA1,23.42,1814.81,-587.54,135.00395,1068.85605
2026-08-24T09:00:00,TAS1,20.14,1188.71,-432.78,514.97556,240.95444
2026-08-24T09:00:00,VIC1,17.09,6509.65,786.11,4407.99836,2849.70164
2026-08-24T09:05:00,NSW1,23.25826,7968.02,-609.98,3404.47973,3936.24027
2026-08-24T09:05:00,QLD1,20.67553,5969.41,725.68,3291.83833,3382.22167
2026-08-24T09:05:00,SA1,52.87,1849.11,-591.74,178.04408,1054.45592
2026-08-24T09:05:00,TAS1,25.01212,1185.21,-356.22,584.8995,244.0905
2026-08-24T09:05:00,VIC1,23.86,6471.9,924.98,4491.00183,2876.37817
2026-08-24T09:10:00,NSW1,25.1,7968.43,-569.26,3437.13867,3939.92133
2026-08-24T09:10:00,QLD1,22.01359,5896.78,791.08,3275.38092,3386.95908
2026-08-24T09:10:00,SA1,30.28041,1831.81,-565.65,180.00462,1062.93538
2026-08-24T09:10:00,TAS1,27.3501,1185.66,-350.31,584.90471,250.45529
2026-08-24T09:10:00,VIC1,26.16857,6401.19,794.84,4541.99536,2624.18464
2026-08-24T09:15:00,NSW1,25.1,7706.44,-282.71,3450.00915,3966.80085
2026-08-24T09:15:00,QLD1,23.44354,6192.76,433.66,3270.47553,3348.82447
2026-08-24T09:15:00,SA1,22.2,1950.42,-596.39,225.99778,1102.14222
2026-08-24T09:15:00,TAS1,20.00193,1178.01,-382.04,538.79506,257.17494
2026-08-24T09:15:00,VIC1,19.01876,6324.43,900.38,4573.00034,2618.82966
2026-08-24T09:20:00,NSW1,22.53548,7858.03,-562.4,3287.00025,3990.29975
2026-08-24T09:20:00,QLD1,19.99,5910.62,723.93,3260.3634,3352.5066
2026-08-24T09:20:00,SA1,101.02,1942.54,-596.32,196.67866,1122.89134
2026-08-24T09:20:00,TAS1,18.03313,1167.26,-392.65,518.80017,255.80983
2026-08-24T09:20:00,VIC1,17.09,6183.02,928.15,4573.00177,2504.12823
2026-08-24T09:25:00,NSW1,23.9901,7699.32,-425.69,3247.81565,4012.38435
2026-08-24T09:25:00,QLD1,21.67412,6004.82,605.63,3249.64369,3345.64631
2026-08-24T09:25:00,SA1,19.62502,1810.22,-533.46,179.99895,1075.82105
2026-08-24T09:25:00,TAS1,18.08891,1169.35,-415.39,504.90264,249.05736
2026-08-24T09:25:00,VIC1,17.09,6294.4,848.84,4573.0009,2539.8491
2026-08-24T09:30:00,NSW1,13.3,7478.11,-336.23,3120.95899,4015.07101
2026-08-24T09:30:00,QLD1,12.40522,6150.49,416,3237.06505,3322.66495
2026-08-24T09:30:00,SA1,12.26935,1840.97,-527.75,223.99788,1067.74212
2026-08-24T09:30:00,TAS1,11.23947,1168.71,-394.51,513.69634,260.49366
2026-08-24T09:30:00,VIC1,10.65,6002.89,904.8,4494.80462,2384.66538
2026-08-24T09:35:00,NSW1,26.77136,7518.45,-323.62,3164.23136,4022.51864
2026-08-24T09:35:00,QLD1,24.81,6144.64,468.49,3221.72553,3382.58447
2026-08-24T09:35:00,SA1,23.94078,1814.92,-544.49,200.8026,1046.6174
2026-08-24T09:35:00,TAS1,21.82755,1155.19,-402.35,494.89733,257.94267
2026-08-24T09:35:00,VIC1,20.68,6084.91,873.11,4486.00395,2440.78605
2026-08-24T09:40:00,NSW1,25.1,7523.46,-248.47,3206.22952,4049.12048
2026-08-24T09:40:00,QLD1,22.51782,5971.25,642.03,3223.34723,3372.57277
2026-08-24T09:40:00,SA1,83.21,1795.2,-595.79,140.71851,1031.51149
2026-08-24T09:40:00,TAS1,28.63382,1156.11,-406.39,494.90034,254.81966
2026-08-24T09:40:00,VIC1,27.04707,6122.05,716.38,4432.00415,2362.85585
2026-08-24T09:45:00,NSW1,28.05,7440.67,-139.61,3240.48839,4038.98161
2026-08-24T09:45:00,QLD1,25.32586,5949.22,627.01,3220.39818,3339.32182
2026-08-24T09:45:00,SA1,49.02,1796.52,-595.8,124.99879,1048.54121
2026-08-24T09:45:00,TAS1,32.49075,1145.56,-409.11,478.8974,257.5526
2026-08-24T09:45:00,VIC1,30.68693,6106.9,631.02,4385.00156,2304.68844
2026-08-24T09:50:00,NSW1,25.1,7477.04,-181.16,3261.41747,4026.59253
2026-08-24T09:50:00,QLD1,23.54017,6129.64,411.26,3216.9894,3317.1306
2026-08-24T09:50:00,SA1,30.80763,1802.01,-576.25,124.99844,1074.73156
2026-08-24T09:50:00,TAS1,27.82259,1135.84,-389.04,478.8047,267.9953
2026-08-24T09:50:00,VIC1,26.35727,5982.34,811.68,4322.00496,2436.21504
